Handle,Title,Body (HTML),Vendor,Product Category,Type,Tags,Published,Option1 Name,Option1 Value,Option1 Linked To,Option2 Name,Option2 Value,Option2 Linked To,Option3 Name,Option3 Value,Option3 Linked To,Variant SKU,Variant Grams,Variant Inventory Tracker,Variant Inventory Policy,Variant Fulfillment Service,Variant Price,Variant Compare At Price,Variant Requires Shipping,Variant Taxable,Unit Price Total Measure,Unit Price Total Measure Unit,Unit Price Base Measure,Unit Price Base Measure Unit,Variant Barcodes,Image Src,Image Position,Image Alt Text,Gift Card,SEO Title,SEO Description,Google Shopping / Google Product Category,Google Shopping / Gender,Google Shopping / Age Group,Google Shopping / MPN,Google Shopping / Condition,Google Shopping / Custom Product,Google Shopping / Custom Label 0,Google Shopping / Custom Label 1,Google Shopping / Custom Label 2,Google Shopping / Custom Label 3,Google Shopping / Custom Label 4,Google: Custom Product (product.metafields.mm-google-shopping.custom_product),Método de aplicación (product.metafields.shopify.application-method),Tipo de chocolate (product.metafields.shopify.chocolate-type),Color (product.metafields.shopify.color-pattern),País (product.metafields.shopify.country),Sabor (product.metafields.shopify.flavor),Forma de producto alimenticio (product.metafields.shopify.food-product-form),Uso para jardinería (product.metafields.shopify.gardening-use),Características de la planta (product.metafields.shopify.plant-characteristics),Certificaciones y estándares del producto (product.metafields.shopify.product-certifications-standards),Espacio adecuado (product.metafields.shopify.suitable-space),Variant Image,Variant Weight Unit,Variant Tax Code,Cost per item,Status
✨-taller-nuevo-crea-pulseras-y-llaveros-📿💫-copia,📿 ¡Tiempo con Chaquiras! ¡Disponible ya! ✨🎨,"<p id=""p-rc_ef88ac0d9450da61-250""><span>Descubre el arte de crear figuras forradas con chaquiras en un espacio lleno de tradición y creatividad. ¡Un taller increíble dirigido para todas las edades y géneros</span><span><!----><!----><!----><!----><!----><!----><!----><!----><!----><!----><!----><!----><!----><!----><!----><!----><!----><!----><!----><!----><!----><!----><!----><!----><!----><!----><!----><!----><!----><!----><!----><!----><!----><!----><!----><!----><!----><!----><!----><!----><!----><!----><!----><!----><!----><!----><!----><!----><!----><!----><sup class=""superscript""><!----></sup><!----><!----><!----><!----><!----><!----><!----><!----><!----><!----><!----><!----><!----><!----><!----><!----><!----><!----><!----><!----><!----><!----><!----><!----><!----><!----><!----><!----><!----><!----><!----><!----><!----><!----><!----><!----><!----></span><span>!</span> <!----><!----><!----><!----><!----><!----><!----><!----><!----></p>
<ul>
<li>
<p id=""p-rc_ef88ac0d9450da61-251""><span>⏱️ <b>Duración:</b> 2 horas</span><span><!----><!----><!----><!----><!----><!----><!----><!----><!----><!----><!----><!----><!----><!----><!----><!----><!----><!----><!----><!----><!----><!----><!----><!----><!----><!----><!----><!----><!----><!----><!----><!----><!----><!----><!----><!----><!----><!----><!----><!----><!----><!----><!----><!----><!----><!----><!----><!----><!----><!----><sup class=""superscript""><!----></sup><!----><!----><!----><!----><!----><!----><!----><!----><!----><!----><!----><!----><!----><!----><!----><!----><!----><!----><!----><!----><!----><!----><!----><!----><!----><!----><!----><!----><!----><!----><!----><!----><!----><!----><!----><!----><!----></span><span>.</span> <!----><!----><!----><!----><!----><!----><!----><!----><!----></p>
</li>
<li>
<p id=""p-rc_ef88ac0d9450da61-252""><span>🎨 <b>Actividad:</b> Figuras forradas con chaquiras</span><span><!----><!----><!----><!----><!----><!----><!----><!----><!----><!----><!----><!----><!----><!----><!----><!----><!----><!----><!----><!----><!----><!----><!----><!----><!----><!----><!----><!----><!----><!----><!----><!----><!----><!----><!----><!----><!----><!----><!----><!----><!----><!----><!----><!----><!----><!----><!----><!----><!----><!----><sup class=""superscript""><!----></sup><!----><!----><!----><!----><!----><!----><!----><!----><!----><!----><!----><!----><!----><!----><!----><!----><!----><!----><!----><!----><!----><!----><!----><!----><!----><!----><!----><!----><!----><!----><!----><!----><!----><!----><!----><!----><!----></span><span>.</span> <!----><!----><!----><!----><!----><!----><!----><!----><!----></p>
</li>
<li>
<p id=""p-rc_ef88ac0d9450da61-253""><span>💰 <b>Costo:</b> $180 MXN <i>(Incluye materiales)</i></span><span><!----><!----><!----><!----><!----><!----><!----><!----><!----><!----><!----><!----><!----><!----><!----><!----><!----><!----><!----><!----><!----><!----><!----><!----><!----><!----><!----><!----><!----><!----><!----><!----><!----><!----><!----><!----><!----><!----><!----><!----><!----><!----><!----><!----><!----><!----><!----><!----><!----><!----><sup class=""superscript""><!----></sup><!----><!----><!----><!----><!----><!----><!----><!----><!----><!----><!----><!----><!----><!----><!----><!----><!----><!----><!----><!----><!----><!----><!----><!----><!----><!----><!----><!----><!----><!----><!----><!----><!----><!----><!----><!----><!----></span><span>.</span> <!----><!----><!----><!----><!----><!----><!----><!----><!----></p>
</li>
<li>
<p id=""p-rc_ef88ac0d9450da61-254""><span>📅 <b>Fechas y horarios:</b> Preguntar por fechas y horarios disponibles</span><span><!----><!----><!----><!----><!----><!----><!----><!----><!----><!----><!----><!----><!----><!----><!----><!----><!----><!----><!----><!----><!----><!----><!----><!----><!----><!----><!----><!----><!----><!----><!----><!----><!----><!----><!----><!----><!----><!----><!----><!----><!----><!----><!----><!----><!----><!----><!----><!----><!----><!----><sup class=""superscript""><!----></sup><!----><!----><!----><!----><!----><!----><!----><!----><!----><!----><!----><!----><!----><!----><!----><!----><!----><!----><!----><!----><!----><!----><!----><!----><!----><!----><!----><!----><!----><!----><!----><!----><!----><!----><!----><!----><!----></span><span>.</span> <!----><!----><!----><!----><!----><!----><!----><!----><!----></p>
</li>
</ul>
<p id=""p-rc_ef88ac0d9450da61-255""><span>📲 <b>Reserva al WhatsApp:</b> 55 8403 8535</span><span><!----><!----><!----><!----><!----><!----><!----><!----><!----><!----><!----><!----><!----><!----><!----><!----><!----><!----><!----><!----><!----><!----><!----><!----><!----><!----><!----><!----><!----><!----><!----><!----><!----><!----><!----><!----><!----><!----><!----><!----><!----><!----><!----><!----><!----><!----><!----><!----><!----><!----><sup class=""superscript""><!----></sup><!----><!----><!----><!----><!----><!----><!----><!----><!----><!----><!----><!----><!----><!----><!----><!----><!----><!----><!----><!----><!----><!----><!----><!----><!----><!----><!----><!----><!----><!----><!----><!----><!----><!----><!----><!----><!----></span><span> <i>(¡Cupo limitado!)</i></span></p>",Nantsin,Servicios,"","",true,Title,Default Title,,,,,,,,,0.0,,deny,manual,180.00,,false,true,,,,,"",https://cdn.shopify.com/s/files/1/0811/8914/2782/files/tiempo_con_chaquiras.jpg?v=1790140894,1,"",false,,,,,,,,,,,,,,,,,,,,,,,,,,kg,,,active
✨-taller-nuevo-crea-pulseras-y-llaveros-📿💫,✨ ¡Taller Nuevo! Crea Pulseras y Llaveros 📿💫,"<p id=""p-rc_0ab9bb1caa9ff874-236""><span>Ven a pasar una tarde creativa diseñando tus propios accesorios en un espacio increíble</span><span><!----><!----><!----><!----><!----><!----><!----><!----><!----><!----><!----><!----><!----><!----><!----><!----><!----><!----><!----><!----><!----><!----><!----><!----><!----><!----><!----><!----><!----><!----><!----><!----><!----><!----><!----><!----><!----><!----><!----><!----><!----><!----><!----><!----><!----><!----><!----><!----><!----><!----><sup class=""superscript""><!----></sup><!----><!----><!----><!----><!----><!----><!----><!----><!----><!----><!----><!----><!----><!----><!----><!----><!----><!----><!----><!----><!----><!----><!----><!----><!----><!----><!----><!----><!----><!----><!----><!----><!----><!----><!----><!----><!----></span><span>.</span> <!----><!----><!----><!----><!----><!----><!----><!----><!----></p>
<ul>
<li>
<p id=""p-rc_0ab9bb1caa9ff874-237""><span>📅 <b>Cuándo:</b> Jueves de 5:00 PM - 7:00 PM</span><span><!----><!----><!----><!----><!----><!----><!----><!----><!----><!----><!----><!----><!----><!----><!----><!----><!----><!----><!----><!----><!----><!----><!----><!----><!----><!----><!----><!----><!----><!----><!----><!----><!----><!----><!----><!----><!----><!----><!----><!----><!----><!----><!----><!----><!----><!----><!----><!----><!----><!----><sup class=""superscript""><!----></sup><!----><!----><!----><!----><!----><!----><!----><!----><!----><!----><!----><!----><!----><!----><!----><!----><!----><!----><!----><!----><!----><!----><!----><!----><!----><!----><!----><!----><!----><!----><!----><!----><!----><!----><!----><!----><!----></span> <!----><!----><!----><!----><!----><!----><!----><!----><!----></p>
</li>
<li>
<p>💰 <b>Costo:</b> $150 pesos <i>(¡Incluye materiales y bebida de cortesía!)</i></p>
<p id=""p-rc_0ab9bb1caa9ff874-238""><span><!----><!----><!----><!----><!----><!----><!----><!----><!----><!----><!----><!----><!----><!----><!----><!----><!----><!----><!----><!----><!----><!----><!----><!----><!----><!----><!----><!----><!----><!----><!----><!----><!----><!----><!----><!----><!----><!----><!----><!----><!----><!----><!----><!----><!----><!----><!----><!----><!----><!----><sup class=""superscript""><!----></sup><!----><!----><!----><!----><!----><!----><!----><!----><!----><!----><!----><!----><!----><!----><!----><!----><!----><!----><!----><!----><!----><!----><!----><!----><!----><!----><!----><!----><!----><!----><!----><!----><!----><!----><!----><!----><!----></span> <!----><!----><!----><!----><!----><!----><!----><!----><!----></p>
</li>
</ul>
<p id=""p-rc_0ab9bb1caa9ff874-239""><span>📲 <b>Informes y reservas por WhatsApp:</b> 55 8403 8535</span><span><!----><!----><!----><!----><!----><!----><!----><!----><!----><!----><!----><!----><!----><!----><!----><!----><!----><!----><!----><!----><!----><!----><!----><!----><!----><!----><!----><!----><!----><!----><!----><!----><!----><!----><!----><!----><!----><!----><!----><!----><!----><!----><!----><!----><!----><!----><!----><!----><!----><!----><sup class=""superscript""><!----></sup><!----><!----><!----><!----><!----><!----><!----><!----><!----><!----><!----><!----><!----><!----><!----><!----><!----><!----><!----><!----><!----><!----><!----><!----><!----><!----><!----><!----><!----><!----><!----><!----><!----><!----><!----><!----><!----></span><span> <i>(¡Pregunta por disponibilidad en otras fechas y horarios!)</i></span><span><!----><!----><!----><!----><!----><!----><!----><!----><!----><!----><!----><!----><!----><!----><!----><!----><!----><!----><!----><!----><!----><!----><!----><!----><!----><!----><!----><!----><!----><!----><!----><!----><!----><!----><!----><!----><!----><!----><!----><!----><!----><!----><!----><!----><!----><!----><!----><!----><!----><!----><sup class=""superscript""><!----></sup><!----><!----><!----><!----><!----><!----><!----><!----><!----><!----><!----><!----><!----><!----><!----><!----><!----><!----><!----><!----><!----><!----><!----><!----><!----><!----><!----><!----><!----><!----><!----><!----><!----><!----><!----><!----><!----></span> <!----></p>
<p id=""p-rc_fd1f78c1e64e39bc-210""><!----></p>
<p id=""p-rc_3895028fdb3b22ac-183""><!----></p>",Nantsin,Servicios,"","",true,Title,Default Title,,,,,,,,,0.0,,deny,manual,180.00,,false,true,,,,,"",https://cdn.shopify.com/s/files/1/0811/8914/2782/files/taller_pulceras_jueves.jpg?v=1790140839,1,"",false,,,,,,,,,,,,,,,,,,,,,,,,,,kg,,,active
taller-de-pinata-✨🎉,🪅 ¡Taller de Piñata! ✨🎉,"<p>Aprende a elaborar tu propia piñata desde cero en un espacio pensado para niños y adultos.</p>
<ul>
<li>
<p>📅 <b>Fechas:</b> 1er sesión Domingo 20 y 2da sesión Domingo 27 de septiembre</p>
</li>
<li>
<p>🕒 <b>Horario:</b> 11:00 AM – 12:30 PM</p>
</li>
<li>
<p>💰 <b>Costo:</b> $450 pesos <i>(¡Materiales incluidos!)</i></p>
</li>
</ul>
<p>📲 <b>Informes e inscripciones por WhatsApp:</b> 55 8403 8535 <i>(¡Cupo limitado, aparta tu lugar con anticipación! Pregunta por disponibilidad en otras fechas y horarios).</i></p>
<p id=""p-rc_fd1f78c1e64e39bc-210""><!----></p>
<p id=""p-rc_3895028fdb3b22ac-183""><!----></p>",Nantsin,Servicios,"","",true,Title,Default Title,,,,,,,,,0.0,,deny,manual,450.00,,false,true,,,,,"",https://cdn.shopify.com/s/files/1/0811/8914/2782/files/TALLER_PINATA.jpg?v=1790140773,1,"",false,,,,,,,,,,,,,,,,,,,,,,,,,,kg,,,active
✂️-taller-de-papel-picado-y-flores-de-cempasuchil-de-papel-🏵️💀,✂️ ¡Taller de Papel Picado y Flores de Cempasúchil de Papel! 🏵️💀,"<p id=""p-rc_f75f172ac3aac649-222""><span>Prepárate para el Día de Muertos creando tus propios adornos tradicionales. ¡Aparta tu lugar y llena de color tus espacios!</span><span><!----><!----><!----><!----><!----><!----><!----><!----><!----><!----><!----><!----><!----><!----><!----><!----><!----><!----><!----><!----><!----><!----><!----><!----><!----><!----><!----><!----><!----><!----><!----><!----><!----><!----><!----><!----><!----><!----><!----><!----><!----><!----><!----><!----><!----><!----><!----><!----><!----><!----><sup class=""superscript""><!----></sup><!----><!----><!----><!----><!----><!----><!----><!----><!----><!----><!----><!----><!----><!----><!----><!----><!----><!----><!----><!----><!----><!----><!----><!----><!----><!----><!----><!----><!----><!----><!----><!----><!----><!----><!----><!----><!----></span> <!----><!----><!----><!----><!----><!----><!----><!----><!----></p>
<ul>
<li>
<p id=""p-rc_f75f172ac3aac649-223""><span>📅 <b>Fechas:</b> A partir del 27 de octubre al 03 de noviembre</span><span><!----><!----><!----><!----><!----><!----><!----><!----><!----><!----><!----><!----><!----><!----><!----><!----><!----><!----><!----><!----><!----><!----><!----><!----><!----><!----><!----><!----><!----><!----><!----><!----><!----><!----><!----><!----><!----><!----><!----><!----><!----><!----><!----><!----><!----><!----><!----><!----><!----><!----><sup class=""superscript""><!----></sup><!----><!----><!----><!----><!----><!----><!----><!----><!----><!----><!----><!----><!----><!----><!----><!----><!----><!----><!----><!----><!----><!----><!----><!----><!----><!----><!----><!----><!----><!----><!----><!----><!----><!----><!----><!----><!----></span><span>.</span> <!----><!----><!----><!----><!----><!----><!----><!----><!----></p>
</li>
<li>
<p id=""p-rc_f75f172ac3aac649-224""><span>⏱️ <b>Duración:</b> 2 horas</span><span><!----><!----><!----><!----><!----><!----><!----><!----><!----><!----><!----><!----><!----><!----><!----><!----><!----><!----><!----><!----><!----><!----><!----><!----><!----><!----><!----><!----><!----><!----><!----><!----><!----><!----><!----><!----><!----><!----><!----><!----><!----><!----><!----><!----><!----><!----><!----><!----><!----><!----><sup class=""superscript""><!----></sup><!----><!----><!----><!----><!----><!----><!----><!----><!----><!----><!----><!----><!----><!----><!----><!----><!----><!----><!----><!----><!----><!----><!----><!----><!----><!----><!----><!----><!----><!----><!----><!----><!----><!----><!----><!----><!----></span><span>.</span> <!----><!----><!----><!----><!----><!----><!----><!----><!----></p>
</li>
<li>
<p id=""p-rc_f75f172ac3aac649-225""><span>💰 <b>Costo:</b> $280 MXN <i>(Incluye materiales)</i></span><span><!----><!----><!----><!----><!----><!----><!----><!----><!----><!----><!----><!----><!----><!----><!----><!----><!----><!----><!----><!----><!----><!----><!----><!----><!----><!----><!----><!----><!----><!----><!----><!----><!----><!----><!----><!----><!----><!----><!----><!----><!----><!----><!----><!----><!----><!----><!----><!----><!----><!----><sup class=""superscript""><!----></sup><!----><!----><!----><!----><!----><!----><!----><!----><!----><!----><!----><!----><!----><!----><!----><!----><!----><!----><!----><!----><!----><!----><!----><!----><!----><!----><!----><!----><!----><!----><!----><!----><!----><!----><!----><!----><!----></span><span>.</span> <!----><!----><!----><!----><!----><!----><!----><!----><!----></p>
</li>
</ul>
<p id=""p-rc_f75f172ac3aac649-226""><span>📲 <b>Reserva al WhatsApp:</b> 5584038535</span><span><!----><!----><!----><!----><!----><!----><!----><!----><!----><!----><!----><!----><!----><!----><!----><!----><!----><!----><!----><!----><!----><!----><!----><!----><!----><!----><!----><!----><!----><!----><!----><!----><!----><!----><!----><!----><!----><!----><!----><!----><!----><!----><!----><!----><!----><!----><!----><!----><!----><!----><sup class=""superscript""><!----></sup><!----><!----><!----><!----><!----><!----><!----><!----><!----><!----><!----><!----><!----><!----><!----><!----><!----><!----><!----><!----><!----><!----><!----><!----><!----><!----><!----><!----><!----><!----><!----><!----><!----><!----><!----><!----><!----></span><span> <i>(¡Cupo limitado!)</i></span></p>
<p id=""p-rc_fd1f78c1e64e39bc-210""><!----></p>
<p id=""p-rc_3895028fdb3b22ac-183""><!----></p>",Nantsin,Servicios,"","",true,Title,Default Title,,,,,,,,,0.0,,deny,manual,280.00,,false,true,,,,,"",https://cdn.shopify.com/s/files/1/0811/8914/2782/files/TALLER_PAPEL_PICADO.jpg?v=1790140711,1,"",false,,,,,,,,,,,,,,,,,,,,,,,,,,kg,,,active
🌽-taller-de-flores-con-hoja-de-maiz-disponible-ya-🌸✨,🌽 ¡Taller de Flores con Hoja de Maíz! ¡Disponible ya! 🌸✨,"<p>Crea hermosas piezas artesanales moldeando la naturaleza. Un taller hermoso y tradicional dirigido para todas las edades y géneros.</p>
<ul>
<li>
<p>⏱️ <b>Duración:</b> 2 horas.</p>
</li>
<li>
<p>🎨 <b>Incluye:</b> Material y bebida de cortesía.</p>
</li>
<li>
<p>💰 <b>Costo:</b> $180 MXN <i>(incluye materiales)</i>.</p>
</li>
<li>
<p>📅 <b>Fechas y horarios:</b> Preguntar por fechas y horarios disponibles.</p>
</li>
</ul>
<p>📲 <b>Reserva al WhatsApp:</b> 5584038535 <i>(¡Cupo limitado!)</i></p>
<p id=""p-rc_fd1f78c1e64e39bc-210""><!----></p>
<p id=""p-rc_3895028fdb3b22ac-183""><!----></p>",Nantsin,Servicios,"","",true,Title,Default Title,,,,,,,,,0.0,,deny,manual,180.00,,false,true,,,,,"",https://cdn.shopify.com/s/files/1/0811/8914/2782/files/taller_de_flores_con_hija_de_milpa.jpg?v=1790140610,1,"",false,,,,,,,,,,,,,,,,,,,,,,,,,,kg,,,active
🌱-aprende-a-podar-tus-plantas-✂️🌿,🌱 ¡Aprende a Podar tus Plantas! ✂️🌿,"<p id=""p-rc_fd1f78c1e64e39bc-205""><span>¡Aprende los mejores cuidados y técnicas para que tus plantas crezcan fuertes y hermosas!</span><span><!----><!----><!----><!----><!----><!----><!----><!----><!----><!----><!----><!----><!----><!----><!----><!----><!----><!----><!----><!----><!----><!----><!----><!----><!----><!----><!----><!----><!----><!----><!----><!----><!----><!----><!----><!----><!----><!----><!----><!----><!----><!----><!----><!----><!----><!----><!----><!----><!----><!----><sup class=""superscript""><!----></sup><!----><!----><!----><!----><!----><!----><!----><!----><!----><!----><!----><!----><!----><!----><!----><!----><!----><!----><!----><!----><!----><!----><!----><!----><!----><!----><!----><!----><!----><!----><!----><!----><!----><!----><!----><!----><!----></span> <!----><!----><!----><!----><!----><!----><!----><!----><!----></p>
<ul>
<li>
<p id=""p-rc_fd1f78c1e64e39bc-206""><span>📅 <b>Fecha:</b> Sábado 03 de octubre</span><span><!----><!----><!----><!----><!----><!----><!----><!----><!----><!----><!----><!----><!----><!----><!----><!----><!----><!----><!----><!----><!----><!----><!----><!----><!----><!----><!----><!----><!----><!----><!----><!----><!----><!----><!----><!----><!----><!----><!----><!----><!----><!----><!----><!----><!----><!----><!----><!----><!----><!----><sup class=""superscript""><!----></sup><!----><!----><!----><!----><!----><!----><!----><!----><!----><!----><!----><!----><!----><!----><!----><!----><!----><!----><!----><!----><!----><!----><!----><!----><!----><!----><!----><!----><!----><!----><!----><!----><!----><!----><!----><!----><!----></span> <!----><!----><!----><!----><!----><!----><!----><!----><!----></p>
</li>
<li>
<p id=""p-rc_fd1f78c1e64e39bc-207""><span>🕒 <b>Horario:</b> 2:00 PM</span><span><!----><!----><!----><!----><!----><!----><!----><!----><!----><!----><!----><!----><!----><!----><!----><!----><!----><!----><!----><!----><!----><!----><!----><!----><!----><!----><!----><!----><!----><!----><!----><!----><!----><!----><!----><!----><!----><!----><!----><!----><!----><!----><!----><!----><!----><!----><!----><!----><!----><!----><sup class=""superscript""><!----></sup><!----><!----><!----><!----><!----><!----><!----><!----><!----><!----><!----><!----><!----><!----><!----><!----><!----><!----><!----><!----><!----><!----><!----><!----><!----><!----><!----><!----><!----><!----><!----><!----><!----><!----><!----><!----><!----></span> <!----><!----><!----><!----><!----><!----><!----><!----><!----></p>
</li>
<li>
<p id=""p-rc_fd1f78c1e64e39bc-208""><span>💵 <b>Cuota de recuperación:</b> $180.00 MXN</span><span><!----><!----><!----><!----><!----><!----><!----><!----><!----><!----><!----><!----><!----><!----><!----><!----><!----><!----><!----><!----><!----><!----><!----><!----><!----><!----><!----><!----><!----><!----><!----><!----><!----><!----><!----><!----><!----><!----><!----><!----><!----><!----><!----><!----><!----><!----><!----><!----><!----><!----><sup class=""superscript""><!----></sup><!----><!----><!----><!----><!----><!----><!----><!----><!----><!----><!----><!----><!----><!----><!----><!----><!----><!----><!----><!----><!----><!----><!----><!----><!----><!----><!----><!----><!----><!----><!----><!----><!----><!----><!----><!----><!----></span> <!----><!----><!----><!----><!----><!----><!----><!----><!----></p>
</li>
<li>
<p id=""p-rc_fd1f78c1e64e39bc-209""><span>🎁 <b>Incluye:</b> Planta de regalo, bebida de corteza y uso de herramientas</span><span><!----><!----><!----><!----><!----><!----><!----><!----><!----><!----><!----><!----><!----><!----><!----><!----><!----><!----><!----><!----><!----><!----><!----><!----><!----><!----><!----><!----><!----><!----><!----><!----><!----><!----><!----><!----><!----><!----><!----><!----><!----><!----><!----><!----><!----><!----><!----><!----><!----><!----><sup class=""superscript""><!----></sup><!----><!----><!----><!----><!----><!----><!----><!----><!----><!----><!----><!----><!----><!----><!----><!----><!----><!----><!----><!----><!----><!----><!----><!----><!----><!----><!----><!----><!----><!----><!----><!----><!----><!----><!----><!----><!----></span><span>.</span> <!----><!----><!----><!----><!----><!----><!----><!----><!----></p>
</li>
</ul>
<p id=""p-rc_fd1f78c1e64e39bc-210""><span>📲 <b>Informes e inscripciones por WhatsApp:</b> 55 8403 8535</span><span><!----><!----><!----><!----><!----><!----><!----><!----><!----><!----><!----><!----><!----><!----><!----><!----><!----><!----><!----><!----><!----><!----><!----><!----><!----><!----><!----><!----><!----><!----><!----><!----><!----><!----><!----><!----><!----><!----><!----><!----><!----><!----><!----><!----><!----><!----><!----><!----><!----><!----><sup class=""superscript""><!----></sup><!----><!----><!----><!----><!----><!----><!----><!----><!----><!----><!----><!----><!----><!----><!----><!----><!----><!----><!----><!----><!----><!----><!----><!----><!----><!----><!----><!----><!----><!----><!----><!----><!----><!----><!----><!----><!----></span><span> <i>(¡Pregunta por disponibilidad en otras fechas y horarios!)</i></span><span><!----><!----><!----><!----><!----><!----><!----><!----><!----><!----><!----><!----><!----><!----><!----><!----><!----><!----><!----><!----><!----><!----><!----><!----><!----><!----><!----><!----><!----><!----><!----><!----><!----><!----><!----><!----><!----><!----><!----><!----><!----><!----><!----><!----><!----><!----><!----><!----><!----><!----><sup class=""superscript""><!----></sup><!----><!----><!----><!----><!----><!----><!----><!----><!----><!----><!----><!----><!----><!----><!----><!----><!----><!----><!----><!----><!----><!----><!----><!----><!----><!----><!----><!----><!----><!----><!----><!----><!----><!----><!----><!----><!----></span> <!----></p>
<p id=""p-rc_3895028fdb3b22ac-183""><!----></p>",Nantsin,Servicios,"","",true,Title,Default Title,,,,,,,,,0.0,,deny,manual,180.00,,false,true,,,,,"",https://cdn.shopify.com/s/files/1/0811/8914/2782/files/poda.jpg?v=1790140510,1,"",false,,,,,,,,,,,,,,,,,,,,,,,,,,kg,,,active
🎨-personaliza-tu-bolsa-pinta-tu-propio-diseno-👜✨,🎨 ¡Personaliza tu bolsa! Pinta tu propio diseño 👜✨,"<p>¡Ya disponible! Pasa un rato increíble creando y diseñando tu propia bolsa en este taller lleno de arte y diversión.</p>
<ul>
<li>
<p id=""p-rc_1514722963878b75-189""><span>⏱️ <b>Duración:</b> 2 horas</span><span><!----><!----><!----><!----><!----><!----><!----><!----><!----><!----><!----><!----><!----><!----><!----><!----><!----><!----><!----><!----><!----><!----><!----><!----><!----><!----><!----><!----><!----><!----><!----><!----><!----><!----><!----><!----><!----><!----><!----><!----><!----><!----><!----><!----><!----><!----><!----><!----><!----><!----><sup class=""superscript""><!----></sup><!----><!----><!----><!----><!----><!----><!----><!----><!----><!----><!----><!----><!----><!----><!----><!----><!----><!----><!----><!----><!----><!----><!----><!----><!----><!----><!----><!----><!----><!----><!----><!----><!----><!----><!----><!----><!----></span><span>.</span> <!----><!----><!----><!----><!----><!----><!----><!----><!----></p>
</li>
<li>
<p id=""p-rc_1514722963878b75-190""><span>👨👩👧👦 <b>Enfoque:</b> Taller familiar para niños y adultos</span><span><!----><!----><!----><!----><!----><!----><!----><!----><!----><!----><!----><!----><!----><!----><!----><!----><!----><!----><!----><!----><!----><!----><!----><!----><!----><!----><!----><!----><!----><!----><!----><!----><!----><!----><!----><!----><!----><!----><!----><!----><!----><!----><!----><!----><!----><!----><!----><!----><!----><!----><sup class=""superscript""><!----></sup><!----><!----><!----><!----><!----><!----><!----><!----><!----><!----><!----><!----><!----><!----><!----><!----><!----><!----><!----><!----><!----><!----><!----><!----><!----><!----><!----><!----><!----><!----><!----><!----><!----><!----><!----><!----><!----></span><span>.</span> <!----><!----><!----><!----><!----><!----><!----><!----><!----></p>
</li>
<li>
<p id=""p-rc_1514722963878b75-191""><span>💰 <b>Costo:</b> $180 MXN <i>(incluye materiales y bebida de cortesía)</i></span><span><!----><!----><!----><!----><!----><!----><!----><!----><!----><!----><!----><!----><!----><!----><!----><!----><!----><!----><!----><!----><!----><!----><!----><!----><!----><!----><!----><!----><!----><!----><!----><!----><!----><!----><!----><!----><!----><!----><!----><!----><!----><!----><!----><!----><!----><!----><!----><!----><!----><!----><sup class=""superscript""><!----></sup><!----><!----><!----><!----><!----><!----><!----><!----><!----><!----><!----><!----><!----><!----><!----><!----><!----><!----><!----><!----><!----><!----><!----><!----><!----><!----><!----><!----><!----><!----><!----><!----><!----><!----><!----><!----><!----></span><span>.</span> <!----><!----><!----><!----><!----><!----><!----><!----><!----></p>
</li>
<li>
<p id=""p-rc_1514722963878b75-192""><span>📅 <b>Fechas y horarios:</b> Preguntar por fechas y horarios disponibles</span><span><!----><!----><!----><!----><!----><!----><!----><!----><!----><!----><!----><!----><!----><!----><!----><!----><!----><!----><!----><!----><!----><!----><!----><!----><!----><!----><!----><!----><!----><!----><!----><!----><!----><!----><!----><!----><!----><!----><!----><!----><!----><!----><!----><!----><!----><!----><!----><!----><!----><!----><sup class=""superscript""><!----></sup><!----><!----><!----><!----><!----><!----><!----><!----><!----><!----><!----><!----><!----><!----><!----><!----><!----><!----><!----><!----><!----><!----><!----><!----><!----><!----><!----><!----><!----><!----><!----><!----><!----><!----><!----><!----><!----></span><span>.</span> <!----><!----><!----><!----><!----><!----><!----><!----><!----></p>
</li>
</ul>
<p id=""p-rc_1514722963878b75-193""><span>📲 <b>Reserva al WhatsApp:</b> 55 8403 8535</span><span><!----><!----><!----><!----><!----><!----><!----><!----><!----><!----><!----><!----><!----><!----><!----><!----><!----><!----><!----><!----><!----><!----><!----><!----><!----><!----><!----><!----><!----><!----><!----><!----><!----><!----><!----><!----><!----><!----><!----><!----><!----><!----><!----><!----><!----><!----><!----><!----><!----><!----><sup class=""superscript""><!----></sup><!----><!----><!----><!----><!----><!----><!----><!----><!----><!----><!----><!----><!----><!----><!----><!----><!----><!----><!----><!----><!----><!----><!----><!----><!----><!----><!----><!----><!----><!----><!----><!----><!----><!----><!----><!----><!----></span><span> <i>(¡Cupo limitado!)</i></span></p>
<p id=""p-rc_3895028fdb3b22ac-183""><!----></p>",Nantsin,Servicios,"","",true,Title,Default Title,,,,,,,,,0.0,,deny,manual,180.00,,false,true,,,,,"",https://cdn.shopify.com/s/files/1/0811/8914/2782/files/personaliza_tu_bolsa.jpg?v=1790140418,1,"",false,,,,,,,,,,,,,,,,,,,,,,,,,,kg,,,active
taller-de-elaboracion-de-papalotes-ya-disponible-🌤️✨,🪁 ¡Taller de Elaboración de Papalotes! ¡Ya disponible! 🌤️✨,"<p>Pasa un momento increíble creando y volando tu propio papalote en familia. ¡Un taller divertido para todas las edades!</p>
<ul>
<li>
<p>⏱️ <b>Duración:</b> 2 horas.</p>
</li>
<li>
<p>👨👩👧👦 <b>Enfoque:</b> ¡Dirigido para todas las edades y géneros!</p>
</li>
<li>
<p>💰 <b>Costo:</b> $180 MXN <i>(Incluye materiales y bebida de cortesía)</i>.</p>
</li>
<li>
<p>📅 <b>Fechas y horarios:</b> Preguntar por fechas y horarios disponibles.</p>
</li>
</ul>
<p>📲 <b>Reserva al WhatsApp:</b> 5584038535 <i>(¡Cupo limitado!)</i></p>
<p id=""p-rc_3895028fdb3b22ac-183""><!----></p>",Nantsin,Servicios,"","",true,Title,Default Title,,,,,,,,,0.0,,deny,manual,180.00,,false,true,,,,,"",https://cdn.shopify.com/s/files/1/0811/8914/2782/files/papalote.jpg?v=1790140304,1,"",false,,,,,,,,,,,,,,,,,,,,,,,,,,kg,,,active
pintura-para-principiantes,🎨¡Pintura para Principiantes!🖌️✨,"<p>Tenemos talleres con clases diseñados especialmente para ti, donde aprenderás desde las bases del arte.</p>
<p><b>¿Qué veremos en la clase?</b></p>
<ul>
<li>
<p>📝 <b>1. Registro</b></p>
</li>
<li>
<p>📜 <b>2. Historia del arte</b> enfocado a las pinturas.</p>
</li>
<li>
<p>🎨 <b>3. Técnicas:</b> Encuadre, boceto, colores primarios y círculo cromático.</p>
</li>
<li>
<p>👏 <b>4. Cierre</b></p>
</li>
</ul>
<p><b>Detalles del evento:</b></p>
<ul>
<li>
<p>🕒 <b>Horarios:</b> Todos los martes a las 4:00 PM (y sábados acorde a disponibilidad).</p>
</li>
<li>
<p>💰 <b>Precio:</b> $170 MXN <i>(incluye una bebida de cortesía y material)</i></p>
</li>
</ul>
<p id=""p-rc_3895028fdb3b22ac-183""><!----></p>",Nantsin,Servicios,"","",true,Title,Default Title,,,,,,,,,0.0,,deny,manual,170.00,,false,true,,,,,"",https://cdn.shopify.com/s/files/1/0811/8914/2782/files/clasedepintura.jpg?v=1790140169,1,"",false,,,,,,,,,,,,,,,,,,,,,,,,,,kg,,,active
taller-de-elaboracion-de-calaveritas-de-azucar-🎨✨,¡Taller de Elaboración de Calaveritas de Azúcar! 🎨✨,"<p id=""p-rc_3895028fdb3b22ac-178""><span>Celebre una de nuestras tradiciones más hermosas en familia. ¡Un taller divertido y creativo para niños y adultos!</span><span><!----><!----><!----><!----><!----><!----><!----><!----><!----><!----><!----><!----><!----><!----><!----><!----><!----><!----><!----><!----><!----><!----><!----><!----><!----><!----><!----><!----><!----><!----><!----><!----><!----><!----><!----><!----><!----><!----><!----><!----><!----><!----><!----><!----><!----><!----><!----><!----><!----><!----><sup class=""superscript""><!----></sup><!----><!----><!----><!----><!----><!----><!----><!----><!----><!----><!----><!----><!----><!----><!----><!----><!----><!----><!----><!----><!----><!----><!----><!----><!----><!----><!----><!----><!----><!----><!----><!----><!----><!----><!----><!----><!----></span> <!----><!----><!----><!----><!----><!----><!----><!----><!----></p>
<ul>
<li>
<p id=""p-rc_3895028fdb3b22ac-179""><span>📅 <b>Fechas:</b> Del 27 de octubre al 03 de noviembre <i>(¡Pregunta por fechas disponibles!)</i></span><span><!----><!----><!----><!----><!----><!----><!----><!----><!----><!----><!----><!----><!----><!----><!----><!----><!----><!----><!----><!----><!----><!----><!----><!----><!----><!----><!----><!----><!----><!----><!----><!----><!----><!----><!----><!----><!----><!----><!----><!----><!----><!----><!----><!----><!----><!----><!----><!----><!----><!----><sup class=""superscript""><!----></sup><!----><!----><!----><!----><!----><!----><!----><!----><!----><!----><!----><!----><!----><!----><!----><!----><!----><!----><!----><!----><!----><!----><!----><!----><!----><!----><!----><!----><!----><!----><!----><!----><!----><!----><!----><!----><!----></span><span>.</span> <!----><!----><!----><!----><!----><!----><!----><!----><!----></p>
</li>
<li>
<p id=""p-rc_3895028fdb3b22ac-180""><span>⏱️ <b>Duración:</b> 2 horas</span><span><!----><!----><!----><!----><!----><!----><!----><!----><!----><!----><!----><!----><!----><!----><!----><!----><!----><!----><!----><!----><!----><!----><!----><!----><!----><!----><!----><!----><!----><!----><!----><!----><!----><!----><!----><!----><!----><!----><!----><!----><!----><!----><!----><!----><!----><!----><!----><!----><!----><!----><sup class=""superscript""><!----></sup><!----><!----><!----><!----><!----><!----><!----><!----><!----><!----><!----><!----><!----><!----><!----><!----><!----><!----><!----><!----><!----><!----><!----><!----><!----><!----><!----><!----><!----><!----><!----><!----><!----><!----><!----><!----><!----></span><span>.</span> <!----><!----><!----><!----><!----><!----><!----><!----><!----></p>
</li>
<li>
<p id=""p-rc_3895028fdb3b22ac-181""><span>👨👩👧👦 <b>Enfoque:</b> Taller familiar (para niños y adultos)</span><span><!----><!----><!----><!----><!----><!----><!----><!----><!----><!----><!----><!----><!----><!----><!----><!----><!----><!----><!----><!----><!----><!----><!----><!----><!----><!----><!----><!----><!----><!----><!----><!----><!----><!----><!----><!----><!----><!----><!----><!----><!----><!----><!----><!----><!----><!----><!----><!----><!----><!----><sup class=""superscript""><!----></sup><!----><!----><!----><!----><!----><!----><!----><!----><!----><!----><!----><!----><!----><!----><!----><!----><!----><!----><!----><!----><!----><!----><!----><!----><!----><!----><!----><!----><!----><!----><!----><!----><!----><!----><!----><!----><!----></span><span>.</span> <!----><!----><!----><!----><!----><!----><!----><!----><!----></p>
</li>
<li>
<p id=""p-rc_3895028fdb3b22ac-182""><span>💰 <b>Costo:</b> $180 MXN <i>(Incluye materiales)</i></span><span><!----><!----><!----><!----><!----><!----><!----><!----><!----><!----><!----><!----><!----><!----><!----><!----><!----><!----><!----><!----><!----><!----><!----><!----><!----><!----><!----><!----><!----><!----><!----><!----><!----><!----><!----><!----><!----><!----><!----><!----><!----><!----><!----><!----><!----><!----><!----><!----><!----><!----><sup class=""superscript""><!----></sup><!----><!----><!----><!----><!----><!----><!----><!----><!----><!----><!----><!----><!----><!----><!----><!----><!----><!----><!----><!----><!----><!----><!----><!----><!----><!----><!----><!----><!----><!----><!----><!----><!----><!----><!----><!----><!----></span><span>.</span> <!----><!----><!----><!----><!----><!----><!----><!----><!----></p>
</li>
</ul>
<p id=""p-rc_3895028fdb3b22ac-183""><span>📲 <b>Reserva tu lugar por WhatsApp:</b> 55 8403 8535</span><span><!----><!----><!----><!----><!----><!----><!----><!----><!----><!----><!----><!----><!----><!----><!----><!----><!----><!----><!----><!----><!----><!----><!----><!----><!----><!----><!----><!----><!----><!----><!----><!----><!----><!----><!----><!----><!----><!----><!----><!----><!----><!----><!----><!----><!----><!----><!----><!----><!----><!----><sup class=""superscript""><!----></sup><!----><!----><!----><!----><!----><!----><!----><!----><!----><!----><!----><!----><!----><!----><!----><!----><!----><!----><!----><!----><!----><!----><!----><!----><!----><!----><!----><!----><!----><!----><!----><!----><!----><!----><!----><!----><!----></span><span> <i>(¡Cupo limitado!)</i></span> <!----></p>",Nantsin,Servicios,"","",true,Title,Default Title,,,,,,,,,0.0,,deny,manual,180.00,,false,true,,,,,"",https://cdn.shopify.com/s/files/1/0811/8914/2782/files/calaberitadeazucar_1a44ab83-c3d3-4e23-8a17-c9443fedf8af.jpg?v=1790140022,1,"",false,,,,,,,,,,,,,,,,,,,,,,,,,,kg,,,active
platano-asado,Plátano asado,"",Nantsin,"Alimentación, bebida y tabaco > Alimentos > Comida preparada > Aperitivos y guarniciones","","",true,Title,Default Title,,,,,,,,,0.0,,deny,manual,20.00,,true,true,,,,,"",,,,false,,,,,,,,,,,,,,,,,,,,,,,,,,kg,,,active
guanabana,GUANABANA,"",Nantsin,Sin categoría,"","",true,Title,Default Title,,,,,,,,,0.0,shopify,deny,manual,65.00,,true,true,,,,,"",,,,false,,,,,,,,,,,,,,,,,,,,,,,,,,kg,,,active
menta-sivestre,MENTA SIVESTRE,"",Nantsin,Sin categoría,"","",true,Title,Default Title,,,,,,,,,0.0,shopify,deny,manual,35.00,,true,true,,,,,"",,,,false,,,,,,,,,,,,,,,,,,,,,,,,,,kg,,,active
roble-1,Roble,"",Nantsin,Bricolaje > Materiales de construcción > Madera > Madera dura,"","",true,Title,Default Title,,,,,,,,,0.0,shopify,deny,manual,45.00,,true,true,,,,,"",,,,false,,,,,,,,,,,,,,,,,,,,,,,,,,kg,,,active
antulio-rojo-c,ANTULIO ROJO C,"",Nantsin,Sin categoría,"","",true,Title,Default Title,,,,,,,,,0.0,shopify,deny,manual,55.00,,true,true,,,,,"",,,,false,,,,,,,,,,,,,,,,,,,,,,,,,,kg,,,active
antulio-rojo-m,ANTULIO ROJO M,"",Nantsin,Sin categoría,"","",true,Title,Default Title,,,,,,,,,0.0,shopify,deny,manual,75.00,,true,true,,,,,"",,,,false,,,,,,,,,,,,,,,,,,,,,,,,,,kg,,,active
antulio-rojo-g,ANTULIO ROJO G,"",Nantsin,Sin categoría,"","",true,Title,Default Title,,,,,,,,,0.0,shopify,deny,manual,100.00,,true,true,,,,,"",,,,false,,,,,,,,,,,,,,,,,,,,,,,,,,kg,,,active
menta,MENTA,"",Nantsin,Sin categoría,"","",true,Title,Default Title,,,,,,,,,0.0,shopify,deny,manual,45.00,,true,true,,,,,"",,,,false,,,,,,,,,,,,,,,,,,,,,,,,,,kg,,,active
episcia-roja,EPISCIA ROJA,"",Nantsin,Sin categoría,"","",true,Title,Default Title,,,,,,,,,0.0,shopify,deny,manual,35.00,,true,true,,,,,"",,,,false,,,,,,,,,,,,,,,,,,,,,,,,,,kg,,,active
oregano,OREGANO OREJON,"",Nantsin,Sin categoría,"","",true,Title,Default Title,,,,,,,,,0.0,shopify,deny,manual,35.00,,true,true,,,,,"",,,,false,,,,,,,,,,,,,,,,,,,,,,,,,,kg,,,active
albaca-2,Albaca,"",Nantsin,Sin categoría,"","",true,Title,Default Title,,,,,,,,,0.0,shopify,deny,manual,35.00,,true,true,,,,,"",,,,false,,,,,,,,,,,,,,,,,,,,,,,,,,kg,,,active
hiervabuena,Hiervabuena,"",Nantsin,Sin categoría,"","",true,Title,Default Title,,,,,,,,,0.0,shopify,deny,manual,45.00,,true,true,,,,,"",,,,false,,,,,,,,,,,,,,,,,,,,,,,,,,kg,,,active
cafe,Cafe,"",Nantsin,Sin categoría,"","",true,Title,Default Title,,,,,,,,,0.0,shopify,deny,manual,45.00,,true,true,,,,,"",,,,false,,,,,,,,,,,,,,,,,,,,,,,,,,kg,,,active
lengua-de-serpiente-c,Lengua de serpiente C,"",LIDIA CISNEROS ORTIZ,Casa y jardín > Plantas > Plantas de interior y exterior > Plantas de interior en macetas,"","",true,Title,Default Title,,,,,,,,,0.0,shopify,deny,manual,20.00,,false,true,,,,,"",https://cdn.shopify.com/s/files/1/0811/8914/2782/files/rn-image_picker_lib_temp_857d9175-7800-4cb3-aee0-9278dbcde78f.png?v=1781820909,1,"",false,,,,,,,,,,,,,,,,,,,,,,talla,,,,kg,,,active
platano-frito,Plátano frito,"",Nantsin,"Alimentación, bebida y tabaco > Alimentos > Comida preparada > Aperitivos y guarniciones","","",true,Title,Default Title,,,,,,,,,0.0,,deny,manual,20.00,,true,true,,,,,"",,,,false,,,,,,,,,,,,,,,,,,,,,,,,,,kg,,,active
bistec-a-la-mexicana,Bistec a la mexicana,"",Nantsin,"Alimentación, bebida y tabaco > Alimentos > Comida preparada > Platos preparados y entrantes","","",true,Title,Default Title,,,,,,,,,0.0,,deny,manual,75.00,,true,true,,,,,"",,,,false,,,,,,,,,,,,,,,,,,,,,,,,,,kg,,,active
roble,Roble,"",Nantsin,Bricolaje > Materiales de construcción > Madera > Madera dura,"","",true,Title,Default Title,,,,,,,,,0.0,shopify,deny,manual,0.00,,true,true,,,,,"",,,,false,,,,,,,,,,,,,,,,,,,,,,,,,,kg,,,active
marco-en-blanco-o-dibujo,Marco en blanco o dibujo,"",Nantsin,"Arte y ocio > Hobbies y artes creativas > Manualidades > Herramientas para manualidades > Marcos, aros y tensores","",bookeasy,true,Title,Default Title,,,,,,,,,0.0,shopify,deny,manual,55.00,,true,true,,,,,"",,,,false,,,,,,,,,,,,,,,,,,,,,,,,,,kg,,,active
tlayula,Tlayula,"",Nantsin,"Alimentación, bebida y tabaco > Alimentos > Panadería > Barras de postres y pasteles > Pasteles","","",true,Title,Default Title,,,,,,,,,0.0,,deny,manual,150.00,,true,true,,,,,"",,,,false,,,,,,,,,,,,,,,,,,,,,,,,,,kg,,,active
bolsa-de-rambutan,Bolsa de rambutan,"",Nantsin,Sin categoría,"","",true,Title,Default Title,,,,,,,,,0.0,,deny,manual,20.00,,true,true,,,,,"",,,,false,,,,,,,,,,,,,,,,,,,,,,,,,,kg,,,active
vaso-de-chocolate,Chocolate con pan,"",Nantsin,Sin categoría,"","",true,Title,Default Title,,,,,,,,,0.0,,deny,manual,25.00,,true,true,,,,,"",,,,false,,,,,,,,,,,,,,,,,,,,,,,,,,kg,,,active
jarra-1-litros,Jarra 1 Litros,"",Nantsin,Casa y jardín > Cocina y comedor > Objetos para llevar comida y bebida > Garrafas de cerveza,"","",true,Title,Default Title,,,,,,,,,0.0,shopify,deny,manual,40.00,,true,true,,,,,"",,,,false,,,,,,,,,,,,,,,,,,,,,,,,,,kg,,,active
jarra-de-agua-2l,Jarra de agua 2L,"",Nantsin,Casa y jardín > Cocina y comedor > Objetos para llevar comida y bebida > Botellas de agua,"","",true,Title,Default Title,,,,,,,,,0.0,,deny,manual,80.00,,true,true,,,,,"",,,,false,,,,,,,,,,,,,,,,,,,,,,,,,,kg,,,active
chuleta,Chuleta Frita,"",Nantsin,Casa y jardín > Cocina y comedor > Accesorios para aparatos de cocina > Accesorios para barbacoas > Rejillas para barbacoas > Rejillas para barbacoas exteriores,"","",true,Title,Default Title,,,,,,,,,0.0,,deny,manual,75.00,,true,true,,,,,"",,,,false,,,,,,,,,,,,,,,,,,,,,,,,,,kg,,,active
pechuga-rellena,Pechuga rellena de quesillo,"",Nantsin,"Alimentación, bebida y tabaco > Alimentos > Comida preparada > Platos preparados y entrantes","","",true,Title,Default Title,,,,,,,,,0.0,,deny,manual,75.00,,true,true,,,,,"",,,,false,,,,,,,,,,,,,,,,,,,,,,,,,,kg,,,active
pozole,Pozole de pollo,"",Nantsin,"Alimentación, bebida y tabaco > Alimentos > Comida preparada > Platos preparados y entrantes","","",false,Title,Default Title,,,,,,,,,0.0,,deny,manual,75.00,,true,true,,,,,"",,,,false,,,,,,,,,,,,,,,,,,,,,,,,,,kg,,,draft
pechuga-a-la-plancha,Pechuga a la plancha,"",Nantsin,"Alimentación, bebida y tabaco > Alimentos > Comida preparada > Platos preparados y entrantes","","",true,Title,Default Title,,,,,,,,,0.0,,deny,manual,75.00,,true,true,,,,,"",,,,false,,,,,,,,,,,,,,,,,,,,,,,,,,kg,,,active
desayuno,HUEVOS AL GUSTO,"<ul>
<li>CAFE / CHOCOLATE / TE </li>
<li>UN PAN DULCE</li>
<li>HUEVO AL GUSTO REVUELTO, RANCHERO, OMELET CON QUESILLO </li>
<li>TORTILLA O BOLILLO<br>
</li>
</ul>",Nantsin,Casa y jardín > Cocina y comedor > Accesorios para aparatos de cocina > Accesorios para cafeteras > Piezas de repuesto para cafeteras y máquinas de café espresso > Kits para hacer café,"","",true,Title,Default Title,,,,,,,,,0.0,,deny,manual,75.00,,true,true,,,,,"",,,,false,,,,,,,,,,,,,,,,,,,,,,,,,,kg,,,active
alambre,Alambre de res o pollo,"",Nantsin,"Bricolaje > Accesorios de bricolaje > Cadenas, alambre y cuerda > Alambre","","",false,Title,Default Title,,,,,,,,,0.0,,deny,manual,75.00,,true,true,,,,,"",,,,false,,,,,,,,,,,,,,,,,,,,,,,,,,kg,,,draft
leche-de-soya-con-chocolate,Leche de soya con chocolate,"",Nantsin,"Alimentación, bebida y tabaco > Bebidas > Leche vegetal > Bebidas de soja","","",false,Medida,250ml,,,,,,,,,0.0,shopify,deny,manual,25.00,,true,true,,,,,"",,,,false,,,,,,,,,,,,,,,,,,,,,,,,,,kg,,,draft
tinga-de-pollo,Tinga de pollo,"",Nantsin,"Alimentación, bebida y tabaco > Alimentos > Comida preparada > Platos preparados y entrantes","","",false,Title,Default Title,,,,,,,,,0.0,,deny,manual,75.00,,true,true,,,,,"",,,,false,,,,,,,,,,,,,,,,,,,,,,,,,,kg,,,draft
caldo-de-pollo,Caldo de pollo,"",Nantsin,"Alimentación, bebida y tabaco > Alimentos > Sopas y caldos","","",false,Title,Default Title,,,,,,,,,0.0,,deny,manual,75.00,,true,true,,,,,"",,,,false,,,,,,,,,,,,,,,,,,,,,,,,,,kg,,,draft
planta-curcuma,Planta curcuma,"",Nantsin,Casa y jardín > Plantas > Plantas de interior y exterior > Plantas de interior en macetas,"","",true,Title,Default Title,,,,,,,,,0.0,shopify,deny,manual,30.00,,true,true,,,,,"",,,,false,,,,,,,,,,,,,,,,,,,,,,,,,,kg,,,active
mojito,Mojito,"",Nantsin,"Alimentación, bebida y tabaco > Bebidas > Bebidas alcohólicas > Licores premezclados y mezclas para cócteles > Cócteles a base de licores y bebidas espirituosas","","",true,Title,Default Title,,,,,,,,,0.0,shopify,deny,manual,25.00,,true,true,,,,,"",,,,false,,,,,,,,,,,,,,,,,,,,,,,,,,kg,,,active
lienso,Lienso,"",Nantsin,Bricolaje > Materiales de construcción > Recubrimiento de paredes,"","",true,Title,Default Title,,,,,,,,,0.0,shopify,deny,manual,50.00,,true,true,,,,,"",,,,false,,,,,,,,,,,,,,,,,,,,,,,,,,kg,,,active
carne-asada-1,Carne asada,"",Nantsin,"Alimentación, bebida y tabaco > Alimentos > Comida preparada > Platos preparados y entrantes","","",true,Title,Default Title,,,,,,,,,0.0,,deny,manual,85.00,,true,true,,,,,"",,,,false,,,,,,,,,,,,,,,,,,,,,,,,,,kg,,,active
tostada,Orden de Tostada,"",Nantsin,"Alimentación, bebida y tabaco > Alimentos > Comida preparada > Aperitivos y guarniciones","","",true,Title,Default Title,,,,,,,,,0.0,,deny,manual,30.00,,true,true,,,,,"",,,,false,,,,,,,,,,,,,,,,,,,,,,,,,,kg,,,active
coca-cola,COCA COLA,<p>vidrio</p>,Nantsin,Sin categoría,"","",true,Title,Default Title,,,,,,,,,0.0,,deny,manual,25.00,,true,true,,,,,"",,,,false,,,,,,,,,,,,,,,,,,,,,,,,,,kg,,,active
elabora-tu-chocolate-taller-de-elaboracion-artesanal,🍫 ¡Ven a aprender y crea tu propia tableta de chocolate artesanal! ✨,"<p>Disfruta de una experiencia única donde conocerás el proceso y te llevarás un producto de alta calidad.</p>
<p><b>¿Qué incluye?</b></p>
<ul>
<li>
<p>🍫 Elaboración de tu propia tableta <i>(incluye caja de 250g de chocolate orgánico ""Espuma de Oro"")</i>.</p>
</li>
<li>
<p>🛠️ Material y equipo completo para la práctica.</p>
</li>
<li>
<p>☕ Una bebida de cortesía.</p>
</li>
</ul>
<p><b>Detalles del evento:</b></p>
<ul>
<li>
<p>📅 <b>Cuándo:</b> Jueves 24 de septiembre, de 11:00 AM a 2:00 PM.<br></p>
</li>
</ul>
<p>📲 <b>Contacto / Dudas por WhatsApp:</b> 5584038535</p>",Nantsin,Servicios,"","",true,Title,Default Title,,,,,,,,,0.0,,deny,manual,250.00,,false,true,,,,,"",https://cdn.shopify.com/s/files/1/0811/8914/2782/files/Gemini_Generated_Image_9d4v5m9d4v5m9d4v.jpg?v=1790139829,1,"",false,,,,,,,,,,,,,,,,,,,,,,,,,,kg,,,active
pintar-entre-amigas-tarde-de-pintura,🎨 ¡Pintar entre amigas! ☕✨,"<p id=""p-rc_df9044bc540e15a0-156""><span>¿Lista para una tarde de risas, creatividad y buena compañía? Disfruta de nuestra tarde de pintura en cafetería y saca tu lado artístico</span><span><!----><!----><!----><!----><!----><!----><!----><!----><!----><!----><!----><!----><!----><!----><!----><!----><!----><!----><!----><!----><!----><!----><!----><!----><!----><!----><!----><!----><!----><!----><!----><!----><!----><!----><!----><!----><!----><!----><!----><!----><!----><!----><!----><!----><!----><!----><!----><!----><!----><!----><sup class=""superscript""><!----></sup><!----><!----><!----><!----><!----><!----><!----><!----><!----><!----><!----><!----><!----><!----><!----><!----><!----><!----><!----><!----><!----><!----><!----><!----><!----><!----><!----><!----><!----><!----><!----><!----><!----><!----><!----><!----><!----></span><span>.</span> <!----><!----><!----><!----><!----><!----><!----><!----><!----></p>
<ul>
<li>
<p id=""p-rc_df9044bc540e15a0-157""><span>📅 <b>Cuándo:</b> Sábado 26 a las 2:00 PM</span><span><!----><!----><!----><!----><!----><!----><!----><!----><!----><!----><!----><!----><!----><!----><!----><!----><!----><!----><!----><!----><!----><!----><!----><!----><!----><!----><!----><!----><!----><!----><!----><!----><!----><!----><!----><!----><!----><!----><!----><!----><!----><!----><!----><!----><!----><!----><!----><!----><!----><!----><sup class=""superscript""><!----></sup><!----><!----><!----><!----><!----><!----><!----><!----><!----><!----><!----><!----><!----><!----><!----><!----><!----><!----><!----><!----><!----><!----><!----><!----><!----><!----><!----><!----><!----><!----><!----><!----><!----><!----><!----><!----><!----></span> <!----><!----><!----><!----><!----><!----><!----><!----><!----></p>
</li>
<li>
<p id=""p-rc_df9044bc540e15a0-158""><span>💰 <b>Costo:</b> $150 MXN por persona</span><span><!----><!----><!----><!----><!----><!----><!----><!----><!----><!----><!----><!----><!----><!----><!----><!----><!----><!----><!----><!----><!----><!----><!----><!----><!----><!----><!----><!----><!----><!----><!----><!----><!----><!----><!----><!----><!----><!----><!----><!----><!----><!----><!----><!----><!----><!----><!----><!----><!----><!----><sup class=""superscript""><!----></sup><!----><!----><!----><!----><!----><!----><!----><!----><!----><!----><!----><!----><!----><!----><!----><!----><!----><!----><!----><!----><!----><!----><!----><!----><!----><!----><!----><!----><!----><!----><!----><!----><!----><!----><!----><!----><!----></span> <!----><!----><!----><!----><!----><!----><!----><!----><!----></p>
</li>
<li>
<p id=""p-rc_df9044bc540e15a0-159""><span>🎁 <b>Incluye:</b> Material completo, y a elegir chocolate (frío/caliente) o mojito sin alcohol</span><span><!----><!----><!----><!----><!----><!----><!----><!----><!----><!----><!----><!----><!----><!----><!----><!----><!----><!----><!----><!----><!----><!----><!----><!----><!----><!----><!----><!----><!----><!----><!----><!----><!----><!----><!----><!----><!----><!----><!----><!----><!----><!----><!----><!----><!----><!----><!----><!----><!----><!----><sup class=""superscript""><!----></sup><!----><!----><!----><!----><!----><!----><!----><!----><!----><!----><!----><!----><!----><!----><!----><!----><!----><!----><!----><!----><!----><!----><!----><!----><!----><!----><!----><!----><!----><!----><!----><!----><!----><!----><!----><!----><!----></span><span>.</span> <!----><!----><!----><!----><!----><!----><!----><!----><!----></p>
</li>
</ul>
<p id=""p-rc_df9044bc540e15a0-160""><span>📲 <b>Reserva tu lugar por WhatsApp:</b> 55 8403 8535</span><span><!----><!----><!----><!----><!----><!----><!----><!----><!----><!----><!----><!----><!----><!----><!----><!----><!----><!----><!----><!----><!----><!----><!----><!----><!----><!----><!----><!----><!----><!----><!----><!----><!----><!----><!----><!----><!----><!----><!----><!----><!----><!----><!----><!----><!----><!----><!----><!----><!----><!----><sup class=""superscript""><!----></sup><!----><!----><!----><!----><!----><!----><!----><!----><!----><!----><!----><!----><!----><!----><!----><!----><!----><!----><!----><!----><!----><!----><!----><!----><!----><!----><!----><!----><!----><!----><!----><!----><!----><!----><!----><!----><!----></span><span> <i>(¡Cupo limitado!)</i></span></p>",Nantsin,Arte y ocio > Entradas para eventos,"","",true,Title,Default Title,,,,,,,,,0.0,,deny,manual,150.00,,false,true,,,,,"",https://cdn.shopify.com/s/files/1/0811/8914/2782/files/pintarentreamigas.jpg?v=1790139595,1,"",false,,,,,,,,,,,,,,,,,,,,,,,,,,kg,,,active
chula-rosa,Chula rosa,"",Nantsin,Casa y jardín > Plantas > Plantas de interior y exterior > Plantas de interior en macetas,"","",true,Title,Default Title,,,,,,,,,0.0,shopify,deny,manual,25.00,,true,true,,,,,"",https://cdn.shopify.com/s/files/1/0811/8914/2782/files/chula.jpg?v=1787781208,1,"",false,,,,,,,,,,,,,,,,,,,,,,,,,,kg,,,active
variegata,Tradescantia pallida 'Variegata',"",Nantsin,Casa y jardín > Plantas > Plantas de interior y exterior > Plantas de interior en macetas,"","",true,Title,Default Title,,,,,,,,,0.0,shopify,deny,manual,45.00,,true,true,,,,,"",https://cdn.shopify.com/s/files/1/0811/8914/2782/files/Tradescantia_pallida_Variegata.jpg?v=1789921881,1,"",false,,,,,,,,,,,,,,,,,,,,,,,,,,kg,,,active
huele-de-dia-huele-de-noche,Yaca,"",Nantsin,Casa y jardín > Plantas > Plantas de interior y exterior > Plantas de interior en macetas,"","",true,Title,Default Title,,,,,,,,,0.0,shopify,deny,manual,65.00,,false,true,,,,,"",https://cdn.shopify.com/s/files/1/0811/8914/2782/files/Yaca.jpg?v=1789922127,1,"",false,,,,,,,,,,,,,,,,,,,,,,,,,,kg,,,active
epazote-1,Epazote,"",Nantsin,Casa y jardín > Plantas > Plantas de interior y exterior > Hierbas y plantas culinarias,"","",true,Title,Default Title,,,,,,,,,0.0,shopify,deny,manual,35.00,,false,true,,,,,"",https://cdn.shopify.com/s/files/1/0811/8914/2782/files/epazote.jpg?v=1787773122,1,"",false,,,,,,,,,,,,,,,,,,,,,,,,,,kg,,,active
albaca-1,albaca,"",Nantsin,Casa y jardín > Plantas > Plantas de interior y exterior > Plantas de interior en macetas,"","",true,Title,Default Title,,,,,,,,,0.0,shopify,deny,manual,35.00,,true,true,,,,,"",https://cdn.shopify.com/s/files/1/0811/8914/2782/files/albaca.jpg?v=1787773072,1,"",false,,,,,,,,,,,,,,,,,,,,,,,,,,kg,,,active
curcuma,Curcuma,"<p><strong>Uso culinario y sabor:</strong> Aporta un perfil terroso, ligeramente amargo, picante y cálido a curris, guisos, arroces y bebidas.</p>
<p><br><strong>​Propiedades medicinales:</strong> Destaca por su acción antiinflamatoria, antioxidante y su apoyo a la salud digestiva y hepática gracias a la curcumina.</p>",Nantsin,Sin categoría,"","",true,Title,Default Title,,,,,,,,,0.0,shopify,deny,manual,45.00,,true,true,,,,,"",https://cdn.shopify.com/s/files/1/0811/8914/2782/files/curcuma.jpg?v=1787773003,1,"",false,,,,,,,,,,,,,,,,,,,,,,,,,,kg,,,active
artemisia,Artemisia,"",Nantsin,Casa y jardín > Plantas > Plantas de interior y exterior > Plantas de interior en macetas,"","",true,Title,Default Title,,,,,,,,,0.0,,deny,manual,35.00,,true,true,,,,,"",https://cdn.shopify.com/s/files/1/0811/8914/2782/files/artemisia.jpg?v=1787772952,1,"",false,,,,,,,,,,,,,,,,,,,,,,,,,,kg,,,active
agave-m,Agave m.,"",Nantsin,Casa y jardín > Plantas > Plantas de interior y exterior > Suculentas y cactus,"","",true,Title,Default Title,,,,,,,,,0.0,shopify,deny,manual,35.00,,true,true,,,,,"",https://cdn.shopify.com/s/files/1/0811/8914/2782/files/ageve.jpg?v=1787772880,1,"",false,,,,,,,,,,,,,,,,,,,,,,,,,,kg,,,active
agua-del-dia,Agua del día,<p>750 ml</p>,Nantsin,"Alimentación, bebida y tabaco > Bebidas > Agua","","",true,Title,Default Title,,,,,,,,,0.0,,deny,manual,20.00,,true,true,,,,,"",,,,false,,,,,,,,,,,,,,,,,,,,,,,,,,kg,,,active
agua-embotellada,Agua embotellada,<p>1 Litro</p>,Nantsin,"Alimentación, bebida y tabaco > Bebidas > Agua > Agua purificada","","",true,Title,Default Title,,,,,,,,,0.0,,deny,manual,10.00,,true,true,,,,,"",https://cdn.shopify.com/s/files/1/0811/8914/2782/files/7500525374486_B.jpg?v=1784855886,1,"",false,,,,,,,,,,,,,,,,,,,,,,,,,,kg,,,active
pechuga-empanizada,Pechuga empanizada,"<p><span lang=""ES"" style=""font-size: 12.0pt; font-family: 'Arial MT',sans-serif; mso-fareast-font-family: 'Arial MT'; mso-bidi-font-family: 'Arial MT'; color: #333333; mso-ansi-language: ES; mso-fareast-language: EN-US; mso-bidi-language: AR-SA;"">Carne asada al carbon. Acompañado de ensalada, frijoles de la olla, arroz, tortillas y agua del día o agua embotellada</span></p>",Nantsin,"Alimentación, bebida y tabaco > Alimentos > Comida preparada > Platos preparados y entrantes","","",true,Title,Default Title,,,,,,,,,0.0,,deny,manual,75.00,,true,true,,,,,"",https://cdn.shopify.com/s/files/1/0811/8914/2782/files/7a07d695-544d-40e6-b785-c3e6465832aa.jpg?v=1784855591,1,"",false,,,,,,,,,,,,,,,,,,,,,,,,,,kg,,,active
carne-asada,Carne Asada,"<p class=""MsoBodyText"" style=""margin: 5.35pt 13.15pt .0001pt 7.1pt;""><span lang=""ES"" style=""font-size: 12.0pt; color: #333333;"">Carne asada al carbón, acompañado de frijoles de la olla, arroz, tortillas y agua del día o agua embotellada.</span><span lang=""ES"" style=""font-size: 12.0pt;""></span></p>",Nantsin,"Alimentación, bebida y tabaco > Alimentos > Comida preparada","","",true,Title,Default Title,,,,,,,,,0.0,shopify,continue,manual,65.00,,true,true,,,,,"",https://cdn.shopify.com/s/files/1/0811/8914/2782/files/carneasada_63db1c22-8fb6-4bcb-9558-3082809d9f04.jpg?v=1784855477,1,"",false,,,,,,,,,,,,,,,,,,,,,,,,,,kg,,,active
tacos,Taco,"<p>Tortilla grande, con salsa y limon</p>",Nantsin,"Alimentación, bebida y tabaco > Alimentos > Comida preparada > Platos preparados y entrantes","","",false,Title,Default Title,,,,,,,,,0.0,,continue,manual,15.00,,true,true,,,,,"",,,,false,,,,,,,,,,,,,,,,,,,,,,,,,,kg,,,active
agua-fresca-vaso,Agua natural chica,"",Nantsin,"Alimentación, bebida y tabaco > Bebidas > Agua","","",true,Title,Default Title,,,,,,,,,0.0,shopify,deny,manual,10.00,,true,true,,,,,"",,,,false,,,,,,,,,,,,,,,,,,,,,,,,,,kg,,,active
frijol-escumite,Frijol escumite,<p>Un kilogramo (1Kg).</p>,Nantsin,"Alimentación, bebida y tabaco > Alimentos > Frutas y verduras > Legumbres secas","","",false,Title,Default Title,,,,,,,,,0.0,shopify,deny,manual,85.00,,true,true,,,,,"",https://cdn.shopify.com/s/files/1/0811/8914/2782/files/rn-image_picker_lib_temp_f9d4fa64-2c29-43eb-bdb6-389f0f467dfa.png?v=1781821799,1,"",false,,,,,,,,,,,,,,,,,,,,,,,,,,kg,,,draft
huevo-de-rancho,Huevo de rancho,<p>Docena (12) piezas</p>,Nantsin,"Alimentación, bebida y tabaco > Alimentos > Frutas y verduras > Frutas frescas y congeladas > Cítricos > Naranjas","","",true,Title,Default Title,,,,,,,,,0.0,shopify,deny,manual,90.00,,true,true,,,,,"",https://cdn.shopify.com/s/files/1/0811/8914/2782/files/rn-image_picker_lib_temp_b2b03ae4-0396-4ef4-8abe-58f9e3cd4c45.png?v=1781821798,1,"",false,,,,,,,,,,,,,,,,,,,,,,,,,,kg,,,active
planta-de-aloe-vera-sabila,Planta de áloe vera / sábila,"",Nantsin,Sin categoría,"","",true,Title,Default Title,,,,,,,,,0.0,shopify,deny,manual,25.00,,false,true,,,,,"",https://cdn.shopify.com/s/files/1/0811/8914/2782/files/rn-image_picker_lib_temp_1d0b6274-b2cb-4033-99e2-a4eed52674e9.png?v=1781821592,1,"",false,,,,,,,,,,,,,,,,,,,,,,,,,,kg,,,active
planta-de-cempasuchi,Planta de cempasuchi,"",Nantsin,Casa y jardín > Plantas > Plantas de interior y exterior > Plantas de jardín y paisajismo > Plantas de jardín,"","",true,Title,Default Title,,,,,,,,,0.0,shopify,deny,manual,55.00,,false,true,,,,,"",https://cdn.shopify.com/s/files/1/0811/8914/2782/files/rn-image_picker_lib_temp_1cb2ce6d-0668-47f7-9894-3ecea7de9596.png?v=1781821507,1,"",false,,,,,,,,,,,,,,,,,,,,,,,,,,kg,,,active
limon-criollo,Limón criollo,"",Nantsin,Casa y jardín > Plantas > Árboles > Árboles frutales,"","",true,Title,Default Title,,,,,,,,,0.0,,deny,manual,55.00,,false,true,,,,,"",https://cdn.shopify.com/s/files/1/0811/8914/2782/files/rn-image_picker_lib_temp_e507ee17-ce6e-4a41-8f5b-dc9d2187b2c4.png?v=1781821414,1,"",false,,,,,,,,,,,,,,,,,,,,,,,,,,kg,,,active
flor-argentina,Argentina,"",Nantsin,Casa y jardín > Plantas > Plantas de interior y exterior > Arbustos y matorrales > Con jarabes de fruta,"","",true,Title,Default Title,,,,,,,,,0.0,shopify,continue,manual,55.00,,false,true,,,,,"",https://cdn.shopify.com/s/files/1/0811/8914/2782/files/rn-image_picker_lib_temp_b21fa5a9-8cee-487a-aeab-ec5921f861ad.png?v=1781821311,1,"",false,,,,,,,,,,,,,,,,,,,,,,,,,,kg,,,active
oreja-de-elefante,Oreja de elefante,"",Nantsin,Casa y jardín > Plantas > Plantas de interior y exterior > Plantas de interior en macetas,"","",true,Title,Default Title,,,,,,,,,0.0,,deny,manual,45.00,,false,true,,,,,"",https://cdn.shopify.com/s/files/1/0811/8914/2782/files/rn-image_picker_lib_temp_1b72a0f6-b8a9-4199-a1fe-571eb2ab24be.png?v=1781821221,1,"",false,,,,,,,,,,,,,,,,,,,,,,,,,,kg,,,active
monstera-andansonii,Monstera andansonii,"",LIDIA CISNEROS ORTIZ,Casa y jardín > Plantas > Plantas de interior y exterior > Plantas de interior en macetas,"","",true,Title,Default Title,,,,,,,,,0.0,shopify,deny,manual,75.00,,false,true,,,,,"",https://cdn.shopify.com/s/files/1/0811/8914/2782/files/rn-image_picker_lib_temp_29f2035d-aa6e-46f2-a127-c7c559f278be.png?v=1781820998,1,"",false,,,,,,,,,,,,,,,,,,,,,,,,,,kg,,,active
planta-serpiente,Lengua de serpiente M,"",LIDIA CISNEROS ORTIZ,Casa y jardín > Plantas > Plantas de interior y exterior > Plantas de interior en macetas,"","",true,Title,Default Title,,,,,,,,,0.0,shopify,deny,manual,55.00,,false,true,,,,,"",https://cdn.shopify.com/s/files/1/0811/8914/2782/files/rn-image_picker_lib_temp_857d9175-7800-4cb3-aee0-9278dbcde78f.png?v=1781820909,1,"",false,,,,,,,,,,,,,,,,,,,,,,talla,,,,kg,,,active
planta-variegata,Planta Variegata,"",LIDIA CISNEROS ORTIZ,Casa y jardín > Plantas > Plantas de interior y exterior > Plantas de interior en macetas,"","",true,Title,Default Title,,,,,,,,,0.0,,deny,manual,55.00,,false,true,,,,,"",https://cdn.shopify.com/s/files/1/0811/8914/2782/files/rn-image_picker_lib_temp_bb19fae9-aa5e-4687-bef5-e1beff41eb90.png?v=1781820687,1,"",false,,,,,,,,,,,,,,,,,,,,,,,,,,kg,,,active
te-de-limon-seco,Te de limón seco,"",Mi tienda 4,"Alimentación, bebida y tabaco > Alimentos > Aliños y especias > Hierbas y especias","","",true,Title,Default Title,,,,,,,,,0.0,shopify,continue,manual,20.00,,true,true,,,,,"",https://cdn.shopify.com/s/files/1/0811/8914/2782/files/rn-image_picker_lib_temp_39b44992-7747-4d9e-a944-7aab3dedf1a6.png?v=1780266145,1,"",false,,,,,,,,,,,,,,,,,,,,,,,,,,kg,,,active
jabon-de-jamaica,Jabón de jamaica,"",Nantsin,Salud y belleza > Cuidado personal > Cosméticos > Baño y cuidado corporal > Pastilla de jabón,"","",true,Title,Default Title,,,,,,,,,0.0,,continue,manual,45.00,,false,true,,,,,"",https://cdn.shopify.com/s/files/1/0811/8914/2782/files/rn-image_picker_lib_temp_fbc4026a-90b5-4a43-b374-8ffc38095928.png?v=1780532032,1,"",false,,,,,,,,,,,,,,,,,,,,,,,,,,kg,,,active
jabon-de-rosas,Jabón de rosas,"",Nantsin,Salud y belleza > Cuidado personal > Cosméticos > Baño y cuidado corporal > Pastilla de jabón,"","",true,Title,Default Title,,,,,,,,,0.0,,deny,manual,45.00,,false,true,,,,,"",https://cdn.shopify.com/s/files/1/0811/8914/2782/files/rn-image_picker_lib_temp_a5b751c6-6e16-4634-9e92-f2b01f50f530.png?v=1780511868,1,"",false,,,,,,,,,,,,,,,,,,,,,,,,,,kg,,,active
jabon-de-aloe,Jabón de aloe,"",Nantsin,Salud y belleza > Cuidado personal > Cosméticos > Baño y cuidado corporal > Pastilla de jabón,"","",true,Title,Default Title,,,,,,,,,0.0,,deny,manual,45.00,,false,true,,,,,"",https://cdn.shopify.com/s/files/1/0811/8914/2782/files/rn-image_picker_lib_temp_e2f95cf9-9b22-4bae-9465-3862c2a7ab9a.png?v=1780511708,1,"",false,,,,,,,,,,,,,,,,,,,,,,,,,,kg,,,active
jabon-de-romero,Jabón de romero,"",Nantsin,Salud y belleza > Cuidado personal > Cosméticos > Baño y cuidado corporal > Pastilla de jabón,"","",true,Title,Default Title,,,,,,,,,0.0,,deny,manual,45.00,,false,true,,,,,"",https://cdn.shopify.com/s/files/1/0811/8914/2782/files/rn-image_picker_lib_temp_84feb07f-11d9-46b8-9c6c-af0b4c9ea412.png?v=1780511611,1,"",false,,,,,,,,,,,,,,,,,,,,,,,,,,kg,,,active
jabon-miel-1,Jabón de miel,"",Nantsin,Salud y belleza > Cuidado personal > Cosméticos > Baño y cuidado corporal > Pastilla de jabón,"","",true,Title,Default Title,,,,,,,,,0.0,,deny,manual,45.00,,false,true,,,,,"",https://cdn.shopify.com/s/files/1/0811/8914/2782/files/rn-image_picker_lib_temp_96627c16-f60c-4d64-8f04-5e44dc67a6f5.png?v=1780511207,1,"",false,,,,,,,,,,,,,,,,,,,,,,,,,,kg,,,active
jabon-miel,Jabón miel,"",Andrea Morales Cisneros,Salud y belleza > Cuidado personal > Cosméticos > Baño y cuidado corporal > Pastilla de jabón,"","",true,Title,Default Title,,,,,,,,,0.0,,deny,manual,24.00,,false,true,,,,,"",https://cdn.shopify.com/s/files/1/0811/8914/2782/files/rn-image_picker_lib_temp_7cae1d7d-9475-47f7-b2ca-875380a2df1d.png?v=1780511029,1,"",false,,,,,,,,,,,,,,,,,,,,,,,,,,kg,,,active
jabon-de-cacao,Jabón de cacao,"",Nantsin,Salud y belleza > Cuidado personal > Cosméticos > Baño y cuidado corporal > Pastilla de jabón,"","",true,Title,Default Title,,,,,,,,,0.0,,deny,manual,45.00,,false,true,,,,,"",https://cdn.shopify.com/s/files/1/0811/8914/2782/files/rn-image_picker_lib_temp_d20e62ef-679e-4281-b77b-1af807b1976c.png?v=1780510793,1,"",false,,,,,,,,,,,,,,,,,,,,,,,,,,kg,,,active
planta-de-inojo,Inojo,"",Nantsin,Casa y jardín > Plantas > Plantas de interior y exterior > Hierbas y plantas culinarias,"","",false,Title,Default Title,,,,,,,,,0.0,shopify,deny,manual,20.00,,true,true,,,,,"",https://cdn.shopify.com/s/files/1/0811/8914/2782/files/rn-image_picker_lib_temp_b783b5d3-b986-4b00-b526-abf2442e68ca.png?v=1780509971,1,"",false,,,,,,,,,,,,,,,,,,,,,,,,,,kg,,,draft
inojo-1,Planta de cacao,"<p>El Theobroma cacao es un árbol perennifolio de sotobosque que alcanza entre 4 y 8 metros de altura, caracterizado por producir sus mazorcas directamente del tronco. Prefiere sombra parcial, alta humedad y suelos fértiles ricos en materia orgánica. Sus semillas son la materia prima esencial para la elaboración artesanal del chocolate y derivados de alto valor gastronómico.</p>",Nantsin,Casa y jardín > Plantas > Árboles > Árboles frutales,"","",true,Title,Default Title,,,,,,,,,0.0,shopify,deny,manual,45.00,,true,true,,,,,"",https://cdn.shopify.com/s/files/1/0811/8914/2782/files/rn-image_picker_lib_temp_fdd820db-dcbc-4b3b-b6e9-fe9f739de7a8.png?v=1780509765,1,"",false,,,,,,,,,,,,,,,,,,,,,,,,,,kg,,,active
vaso-de-pozol,Pozol en bolsa,"",Nantsin,"Alimentación, bebida y tabaco > Bebidas > Bebidas alcohólicas > Cerveza","","",true,Title,Default Title,,,,,,,,,0.0,shopify,deny,manual,20.00,,true,true,,,,,"",,,,false,,,,,,,,,,,,,,,,,,,,,,,,,,kg,,,active
platano-macho-docena-copia,Plátano macho - media docena,"",Mi tienda 4,"Alimentación, bebida y tabaco > Alimentos > Frutas y verduras > Frutas frescas y congeladas > Plátanos","","",true,Title,Default Title,,,,,,,,,0.0,shopify,deny,manual,30.00,,true,true,,,,,"",https://cdn.shopify.com/s/files/1/0811/8914/2782/files/rn-image_picker_lib_temp_11fd2654-a5da-4d75-89a3-be08739f1fc6.jpg?v=1780266275,1,"",false,,,,,,,,,,,,,,,,,,,,,,,,,,kg,,,active
chile-bola,Chile piquín o Chitepin,"",Mi tienda 4,"Alimentación, bebida y tabaco > Alimentos > Frutas y verduras > Frutas frescas y congeladas","","",false,Title,Default Title,,,,,,,,,0.0,shopify,deny,manual,20.00,,true,true,,,,,"",https://cdn.shopify.com/s/files/1/0811/8914/2782/files/rn-image_picker_lib_temp_43f4b629-8662-4e3f-9219-08225b4a8a30.png?v=1780266665,1,"",false,,,,,,,,,,,,,,,,,,,,,,,,,,kg,,,draft
epazote,Epazote,"",Mi tienda 4,,"","",false,Title,Default Title,,,,,,,,,0.0,shopify,deny,manual,10.00,,true,true,,,,,"",https://cdn.shopify.com/s/files/1/0811/8914/2782/files/rn-image_picker_lib_temp_266804fe-f299-43f4-b198-e941234db302.png?v=1780266461,1,"",false,,,,,,,,,,,,,,,,,,,,,,,,,,kg,,,draft
platano-macho-docena,Plátano macho - Docena,"",Mi tienda 4,"Alimentación, bebida y tabaco > Alimentos > Frutas y verduras > Frutas frescas y congeladas > Plátanos","","",true,Title,Default Title,,,,,,,,,0.0,shopify,deny,manual,60.00,,true,true,,,,,"",https://cdn.shopify.com/s/files/1/0811/8914/2782/files/rn-image_picker_lib_temp_11fd2654-a5da-4d75-89a3-be08739f1fc6.jpg?v=1780266275,1,"",false,,,,,,,,,,,,,,,,,,,,,,,,,,kg,,,active
te-de-limon,Te de limón fresco,"",Mi tienda 4,"Alimentación, bebida y tabaco > Alimentos > Aliños y especias > Hierbas y especias","","",true,Title,Default Title,,,,,,,,,0.0,shopify,deny,manual,20.00,,true,true,,,,,"",https://cdn.shopify.com/s/files/1/0811/8914/2782/files/rn-image_picker_lib_temp_39b44992-7747-4d9e-a944-7aab3dedf1a6.png?v=1780266145,1,"",false,,,,,,,,,,,,,,,,,,,,,,,,,,kg,,,active
chile-abanero,Chile abanero,"",Mi tienda 4,"Alimentación, bebida y tabaco > Alimentos > Frutas y verduras > Verduras frescas y congeladas > Pimientos","","",false,Title,Default Title,,,,,,,,,0.0,shopify,deny,manual,15.00,,true,true,,,,,"",https://cdn.shopify.com/s/files/1/0811/8914/2782/files/rn-image_picker_lib_temp_d698a032-34bc-41cb-8ee3-cf36e4b68d7d.png?v=1780260246,1,"",false,,,,,,,,,,,,,,,,,,,,,,,,,,kg,,,draft
chocolate-semi-amargo-20g,Chocolate semi amargo - 20g,"",Mi tienda 4,"Alimentación, bebida y tabaco > Alimentos > Ingredientes de cocina y repostería > Chocolate para repostería","","",false,Title,Default Title,,,,,,,,,0.0,shopify,deny,manual,12.00,,true,true,,,,,"",https://cdn.shopify.com/s/files/1/0811/8914/2782/files/rn-image_picker_lib_temp_c6cd7c16-16f5-4184-94aa-c3dd2f436724.jpg?v=1780260084,1,"",false,,,,,,,,,,,,,,,,,,,,,,,,,,kg,,,draft
pina-dulce,Piña Dulce,"",Mi tienda 4,"Alimentación, bebida y tabaco > Alimentos > Frutas y verduras > Frutas frescas y congeladas > Piñas","","",false,Title,Default Title,,,,,,,,,0.0,shopify,deny,manual,35.00,,true,true,,,,,"",https://cdn.shopify.com/s/files/1/0811/8914/2782/files/rn-image_picker_lib_temp_fe6b0fd9-e562-45e9-bc58-1deb9762bb91.png?v=1780259857,1,"",false,,,,,,,,,,,,,,,,,,,,,,,,,,kg,,,draft
acelga-mediana,Espinaca,"",Mi tienda 4,Casa y jardín > Plantas > Plantas de interior y exterior > Enredaderas y plantas trepadoras,"","",true,Title,Default Title,,,,,,,,,0.0,shopify,deny,manual,35.00,,true,true,,,,,"",https://cdn.shopify.com/s/files/1/0811/8914/2782/files/rn-image_picker_lib_temp_e9552483-9ba0-40cf-b00b-4d82a84549c2.jpg?v=1780259444,1,"",false,,,,,,,,,,,,,,,,,,,,,,,,,,kg,,,active
ruda,Ruda,"",Mi tienda 4,"Alimentación, bebida y tabaco > Alimentos > Frutas y verduras > Verduras frescas y congeladas > Zanahorias","","",true,Title,Default Title,,,,,,,,,0.0,shopify,deny,manual,35.00,,false,true,,,,,"",https://cdn.shopify.com/s/files/1/0811/8914/2782/files/rn-image_picker_lib_temp_b2b983c7-a930-48d2-9365-491ed3721a74.jpg?v=1780259383,1,"",false,,,,,,,,,,,,,,,,,,,,,,,,,,kg,,,active
red-ruby-pequena,ALTERNANTHERA 'ROJO RUBY' C,"",Mi tienda 4,Casa y jardín > Plantas > Plantas de interior y exterior > Plantas de jardín y paisajismo > Plantas de jardín,"","",true,Title,Default Title,,,,,,,,,0.0,shopify,deny,manual,20.00,,false,true,,,,,"",https://cdn.shopify.com/s/files/1/0811/8914/2782/files/rn-image_picker_lib_temp_9eef3ac5-b6dd-44b0-93e8-de1467b2dd91.jpg?v=1780259287,1,"",false,,,,,,,,,,,,,,,,,,,,,,,,,,kg,,,active
red-ruby,ALTERNANTHERA 'ROJO RUBY' M,"",Mi tienda 4,Casa y jardín > Plantas > Plantas de interior y exterior > Plantas de jardín y paisajismo > Plantas de jardín,"","",true,Title,Default Title,,,,,,,,,0.0,,deny,manual,45.00,,false,true,,,,,"",https://cdn.shopify.com/s/files/1/0811/8914/2782/files/rn-image_picker_lib_temp_e8c7a132-24d5-4237-8033-58bc5394aee8.jpg?v=1780259184,1,"",false,,,,,,,,,,,,,,,,,,,,,,,,,,kg,,,active
oreganp,Oregano fresco,<p>100g</p>,Mi tienda 4,"Alimentación, bebida y tabaco > Alimentos > Frutas y verduras > Verduras frescas y congeladas > Verduras de hoja","","",true,Title,Default Title,,,,,,,,,0.0,,deny,manual,10.00,,false,true,,,,,"",https://cdn.shopify.com/s/files/1/0811/8914/2782/files/rn-image_picker_lib_temp_e83fb0a3-8f4b-45af-a197-745a86ee8217.jpg?v=1780259121,1,"",false,,,,,,,,,,,,,,,,,,,,,,,,,,kg,,,active
albaca,Albaca,<p>Ramo de albaca</p>,Mi tienda 4,"Alimentación, bebida y tabaco > Alimentos > Frutas y verduras > Verduras frescas y congeladas > Verduras de hoja","","",false,Title,Default Title,,,,,,,,,0.0,shopify,deny,manual,10.00,,true,true,,,,,"",https://cdn.shopify.com/s/files/1/0811/8914/2782/files/rn-image_picker_lib_temp_1000fae0-3bad-46a2-9cf5-642fae88f722.jpg?v=1780258998,1,"",false,,,,,,,,,,,,,,,,,,,,fresco,,,,,,kg,,0.00,draft
nopal,Nopal,<p>3 piezas de normal mediano</p>,LIDIA CISNEROS ORTIZ,"Alimentación, bebida y tabaco > Alimentos > Frutas y verduras > Verduras frescas y congeladas > Hojas de cactus","","",false,Title,Default Title,,,,,,,,,0.0,shopify,deny,manual,15.00,,true,true,,,,,"",https://cdn.shopify.com/s/files/1/0811/8914/2782/files/rn-image_picker_lib_temp_12285f36-1aac-4b99-a62e-895bc9a0bde1.jpg?v=1780258858,1,"",false,,,,,,,,,,,,,,,,,,,,fresco,,,,,,kg,,,draft
aguacate-criollo-premium-fresco-y-cremoso,Aguacate Criollo Premium - Fresco y Cremoso.,"<p>El aguacate mantequilla destaca por su textura extremadamente suave y untuosa, que justifica su nombre. A diferencia de otras variedades, su pulpa es de un color amarillo cremoso intenso, libre de fibras, y ofrece una experiencia que se deshace al paladar. Es la elección predilecta para quienes buscan la mejor calidad para ensaladas gourmet, untar en pan o preparar guacamoles de textura sedosa.</p>",LIDIA CISNEROS ORTIZ,"Alimentación, bebida y tabaco > Alimentos > Frutas y verduras > Frutas frescas y congeladas > Aguacates","","",false,Title,Default Title,,,,,,,,,0.0,shopify,continue,manual,10.00,,true,true,,,,,"",https://cdn.shopify.com/s/files/1/0811/8914/2782/files/rn-image_picker_lib_temp_02751c57-1e71-4ea7-a4d4-47d7c0a941ad.png?v=1780171695,1,"",false,,,,,,,,,,,,,,,,,,,,,,,,,,kg,,,draft
tierra-negra-fertil-nantsin-1-kg,Tierra Negra Fértil Nantsin - 1 kg,"<ul>
<li>
<p data-path-to-node=""2,1,0""><b data-path-to-node=""2,1,0"" data-index-in-node=""0"">Description:</b></p>
<ul data-path-to-node=""2,1,1"">
<li>
<p data-path-to-node=""2,1,1,0,0""><i data-path-to-node=""2,1,1,0,0"" data-index-in-node=""0"">Dale a tus plantas el sustrato de calidad profesional que merecen.</i></p>
</li>
<li>
<p data-path-to-node=""2,1,1,1,0""><b data-path-to-node=""2,1,1,1,0"" data-index-in-node=""0"">Beneficios principales:</b></p>
<ul data-path-to-node=""2,1,1,1,1"">
<li>
<p data-path-to-node=""2,1,1,1,1,0,0"">Enriquecida con nutrientes esenciales para un crecimiento vigoroso.</p>
</li>
<li>
<p data-path-to-node=""2,1,1,1,1,1,0"">Estructura ideal para una excelente retención de humedad y drenaje.</p>
</li>
<li>
<p data-path-to-node=""2,1,1,1,1,2,0"">Lista para usar en macetas, jardines o huertos urbanos.</p>
</li>
</ul>
</li>
<li>
<p data-path-to-node=""2,1,1,2,0""><b data-path-to-node=""2,1,1,2,0"" data-index-in-node=""0"">Especificaciones:</b></p>
<ul data-path-to-node=""2,1,1,2,1"">
<li>
<p data-path-to-node=""2,1,1,2,1,0,0"">Marca: Nantsin</p>
</li>
<li>
<p data-path-to-node=""2,1,1,2,1,1,0"">Presentación: Bolsa de 1 kilogramo neto.</p>
</li>
</ul>
</li>
</ul>
</li>
<li>
<p data-path-to-node=""2,2,0""><b data-path-to-node=""2,2,0"" data-index-in-node=""0"">Media:</b> (Aquí subirías la imagen del producto que me compartiste).</p>
</li>
<li>
<p data-path-to-node=""2,3,0""><b data-path-to-node=""2,3,0"" data-index-in-node=""0"">Category:</b> Jardinería &gt; Tierra y sustrato.</p>
</li>
</ul>",LIDIA CISNEROS ORTIZ,Casa y jardín > Plantas > Plantas de interior y exterior > Plantas de jardín y paisajismo > Plantas de jardín,SUSTRATO,"fertilizante, jardinería, Nantsin, plantas., sustrato, tierra",true,Title,Default Title,,,,,,,,,1000.0,,continue,manual,25.00,,false,true,,,,,"",https://cdn.shopify.com/s/files/1/0811/8914/2782/files/d0196413-6fa1-47be-ba09-e01a61ee915e.jpg?v=1779926117,1,"",false,,,,,,,,,,,,,,,,,,,,,,,,interior; exterior,,kg,,,active
humus-de-lombriz-liquido-organico-nantsin-1l,Humus de Lombriz Líquido Orgánico Nantsin 1L,"<p><b>¡Dale a tus plantas la nutrición más completa y natural con el Humus de Lombriz Líquido Nantsin!</b> 🪴✨</p>
<p>Nuestro fertilizante orgánico de <b>1 litro</b> es un potente mejorador de suelo de alta calidad, diseñado para nutrir de forma profunda y potenciar la vida de tus plantas, cultivos, flores y huertos domésticos. Al ser un producto <b>100% orgánico</b>, garantiza un cuidado totalmente seguro y amigable para el hogar.</p>
<p><b>Beneficios Principales:</b></p>
<ul>
<li>
<p><b>Maximiza el Crecimiento de Raíces:</b> Estimula el desarrollo radicular fuerte y sano para que las plantas absorban mejor los nutrientes.</p>
</li>
<li>
<p><b>Mejora la Fertilidad del Suelo:</b> Enriquece la estructura de la tierra, aumentando la retención de agua y la actividad benéfica del suelo.</p>
</li>
<li>
<p><b>Aumenta la Resistencia:</b> Refuerza las defensas naturales de las plantas ante plagas, enfermedades y cambios climáticos.</p>
</li>
<li>
<p><b>Seguro para Mascotas:</b> Producto natural libre de químicos agresivos, ideal para jardines familiares.</p>
</li>
</ul>
<p><b>Características del producto:</b></p>
<ul>
<li>
<p><b>Presentación:</b> Envase de 1 Litro con práctica asa para su dosificación.</p>
</li>
<li>
<p><b>Origen:</b> Hecho en México (Agricultura Orgánica).</p>
</li>
<li>
<p><b>Marca:</b> Nantsin.</p>
</li>
</ul>
<p><b>Modo de uso recomendado:</b> Ideal para diluir en agua de riego o aplicar directamente de forma foliar, dependiendo de las necesidades de tu jardín o huerto.</p>",LIDIA CISNEROS ORTIZ,Casa y jardín > Jardín > Jardinería > Fertilizantes,FERTILIZANTE ORGÁNICO,"1 litro, fertilizante, humus, humus de lombriz, jardin, nantsin, organico, plantas",true,Title,Default Title,,,,,,,,,1000.0,,deny,manual,85.00,,true,true,,,,,"",https://cdn.shopify.com/s/files/1/0811/8914/2782/files/Gemini_Generated_Image_mlzr96mlzr96mlzr.png?v=1779924987,1,"",false,,,,,,,,,,,,,,,liquido,,marron,,,,calidad-del-suelo; crecimiento-de-plantas; multiusos,,organico,exterior,,kg,,,active
pozol-de-cacao-deshidratado-con-maiz-tostado-espuma-de-oro-250g,Pozol de Cacao Deshidratado con Maíz Tostado Espuma de Oro 250g,"<p data-path-to-node=""6,0""><b data-path-to-node=""6,0"" data-index-in-node=""0"">Disfruta de la bebida tradicional del sur en una práctica presentación lista para servir.</b> 🥣✨</p>
<p data-path-to-node=""6,1"">El <b data-path-to-node=""6,1"" data-index-in-node=""3"">Pozol de Cacao Deshidratado ""Espuma de Oro""</b> de <b data-path-to-node=""6,1"" data-index-in-node=""50"">250 gramos</b> combina la riqueza del cacao seleccionado con el toque perfecto de maíz tostado, rindiendo homenaje a las recetas ancestrales de <b data-path-to-node=""6,1"" data-index-in-node=""190"">Tuxtla Chico, Chiapas</b>. Una opción ideal para refrescarte y conectar con el sabor auténtico del Soconusco en cualquier momento del día.</p>
<p data-path-to-node=""6,2""><b data-path-to-node=""6,2"" data-index-in-node=""0"">Características del producto:</b></p>
<ul data-path-to-node=""6,3"">
<li>
<p data-path-to-node=""6,3,0,0""><b data-path-to-node=""6,3,0,0"" data-index-in-node=""0"">Ingredientes:</b> Cacao tostado y maíz tostado.</p>
</li>
<li>
<p data-path-to-node=""6,3,1,0""><b data-path-to-node=""6,3,1,0"" data-index-in-node=""0"">Contenido neto:</b> 250 gramos.</p>
</li>
<li>
<p data-path-to-node=""6,3,2,0""><b data-path-to-node=""6,3,2,0"" data-index-in-node=""0"">Origen:</b> Tuxtla Chico, Chiapas, México (Cultivado en sistema de medio monté).</p>
</li>
<li>
<p data-path-to-node=""6,3,3,0""><b data-path-to-node=""6,3,3,0"" data-index-in-node=""0"">Impacto social:</b> Este producto artesanal es impulsado por el Programa Sembrando Vida del Gobierno de México, elaborado con orgullo por sembradores y sembradoras locales.</p>
</li>
</ul>
<p data-path-to-node=""6,4""><b data-path-to-node=""6,4"" data-index-in-node=""0"">Información Nutricional (Por porción de 250g):</b></p>
<ul data-path-to-node=""6,5"">
<li>
<p data-path-to-node=""6,5,0,0""><b data-path-to-node=""6,5,0,0"" data-index-in-node=""0"">Contenido Energético:</b> 399.425 Kcal por empaque.</p>
</li>
<li>
<p data-path-to-node=""6,5,1,0""><b data-path-to-node=""6,5,1,0"" data-index-in-node=""0"">Proteína:</b> 21.25 g</p>
</li>
<li>
<p data-path-to-node=""6,5,2,0""><b data-path-to-node=""6,5,2,0"" data-index-in-node=""0"">Grasa:</b> 26.425 g</p>
</li>
<li>
<p data-path-to-node=""6,5,3,0""><b data-path-to-node=""6,5,3,0"" data-index-in-node=""0"">Carbohidratos:</b> 19.15 g</p>
</li>
<li>
<p data-path-to-node=""6,5,4,0""><b data-path-to-node=""6,5,4,0"" data-index-in-node=""0"">Azúcares Totales:</b> 20.9 g</p>
</li>
<li>
<p data-path-to-node=""6,5,5,0""><b data-path-to-node=""6,5,5,0"" data-index-in-node=""0"">Fibra:</b> 21.1 g</p>
</li>
</ul>
<p data-path-to-node=""6,6""><i data-path-to-node=""6,6"" data-index-in-node=""0"">¡Solo mezcla con agua, endulza al gusto, agrega hielo y disfruta de una tradición chiapaneca en tu mesa!</i></p>",LIDIA CISNEROS ORTIZ,Sin categoría,POZOL DESIDRATADO,"",true,Title,Default Title,,,,,,,,,250.0,,deny,manual,45.00,,false,true,,,,,"",https://cdn.shopify.com/s/files/1/0811/8914/2782/files/59961aee-f011-4e37-ab4c-4b726c93d49c.jpg?v=1779920759,1,"",false,,,,,,,,,,,,,,,,,,,,,,,,,,g,,,active
pozol-de-cacao-deshidratado-con-maiz-tostado-espuma-de-oro-250g,,,,,,,,,,,,,,,,,,,,,,,,,,,,,,"",https://cdn.shopify.com/s/files/1/0811/8914/2782/files/b5fd677e-ef9f-4ff0-8b12-329a3ee7e921.jpg?v=1779920759,2,"",,,,,,,,,,,,,,,,,,,,,,,,,,,,,,
chocolate-semiamargo-espuma-de-oro-chiapas-250g,Chocolate Semiamargo Espuma de Oro Chiapas 250g,"<p data-path-to-node=""6,0""><b data-path-to-node=""6,0"" data-index-in-node=""0"">Disfruta del auténtico equilibrio del sur con Chocolate Semiamargo ""Espuma de Oro"".</b> 🍫✨</p>
<p data-path-to-node=""6,1"">Elaborado con orgullo por sembradores y sembradoras mexicanos en <b data-path-to-node=""6,1"" data-index-in-node=""65"">Tuxtla Chico, Chiapas</b>, este chocolate artesanal de <b data-path-to-node=""6,1"" data-index-in-node=""116"">250 gramos</b> ofrece el balance perfecto del chocolate semiamargo: con todo el carácter y aroma del cacao profundo, pero con la suavidad ideal para disfrutar en cualquier momento. Cultivado en un sistema tradicional de medio monté en la emblemática región del Soconusco.</p>
<ul data-path-to-node=""6,2"">
<li>
<p data-path-to-node=""6,2,0,0""><b data-path-to-node=""6,2,0,0"" data-index-in-node=""0"">Tipo:</b> Chocolate Semiamargo.</p>
</li>
<li>
<p data-path-to-node=""6,2,1,0""><b data-path-to-node=""6,2,1,0"" data-index-in-node=""0"">Contenido neto:</b> 250 gramos.</p>
</li>
<li>
<p data-path-to-node=""6,2,2,0""><b data-path-to-node=""6,2,2,0"" data-index-in-node=""0"">Origen:</b> Tuxtla Chico, Chiapas, México.</p>
</li>
<li>
<p data-path-to-node=""6,2,3,0""><b data-path-to-node=""6,2,3,0"" data-index-in-node=""0"">Impacto social:</b> Este producto es impulsado por el Programa Sembrando Vida del Gobierno de México, apoyando directamente el desarrollo sustentable de nuestros productores locales.</p>
</li>
</ul>
<p data-path-to-node=""6,3""><i data-path-to-node=""6,3"" data-index-in-node=""0"">¡Déjate conquistar por su intenso aroma y textura única, ideal para los verdaderos amantes del buen cacao!</i></p>",LIDIA CISNEROS ORTIZ,"Alimentación, bebida y tabaco > Alimentos > Bombones y chocolatinas > Chocolate",CHOCOLATE,"",true,Title,Default Title,,,,,,,,,250.0,,continue,manual,95.00,,false,true,,,,,"",https://cdn.shopify.com/s/files/1/0811/8914/2782/files/rn-image_picker_lib_temp_721fa439-a8e6-4b51-a391-3c62bd7e7e3f.png?v=1781820587,1,"",false,,,,,,,,,,,,,,,,,,mexico,chocolate,,,,,,,g,,,active
